Last Name,First Name,Position,Average Salary,Team
Williams,Kyle,DT,7287500,BUF
Kelsay,Chris,DE,7050000,BUF
McGee,Terrence,CB,5400000,BUF
Merriman,Shawne,LB,5250000,BUF
Spiller,C.J.,RB,5134417,BUF
Dareus,Marcell,DT,5101825,BUF
Florence,Drayton,CB,5000000,BUF
Edwards,Dwan,DT,4500000,BUF
Parrish,Roscoe,WR,4103333,BUF
McKelvin,Leodis,CB,3880000,BUF
Barnett,Nick,ILB,3833333,BUF
Smith,Brad,WR,3687500,BUF
Johnson,Spencer,DT,3500000,BUF
Pears,Erik,G,3100000,BUF
Thigpen,Tyler,QB,3000000,BUF
Wilson,George,S,2950000,BUF
Fitzpatrick,Ryan,QB,2750000,BUF
Davis,Andra,LB,2200000,BUF
Lindell,Rian,K,1930000,BUF
Jackson,Fred,RB,1875000,BUF
Wood,Eric,C,1867000,BUF
Torbor,Reggie,LB,1850000,BUF
Moorman,Brian,P,1791667,BUF
Scott,Bryan,OLB,1625000,BUF
Williams,Aaron,S,1314787,BUF
McIntyre,Corey,FB,1250250,BUF
Chandler,Scott,TE,1200000,BUF
Troup,Torell,DT,1152500,BUF
Morrison,Kirk,LB,1100000,BUF
Byrd,Jairus,S,1037500,BUF
Levitre,Andy,G,890000,BUF
Carrington,Alex,DE,701000,BUF
Searcy,Da'Norris,S,631106,BUF
Dotson,Lionel,DE,627500,BUF
Moats,Arthur,OLB,618750,BUF
Hairston,Chris,LT,613977,BUF
Urbik,Kraig,G,593333,BUF
Rinehart,Chad,G,579088,BUF
Easley,Marcus,WR,577375,BUF
White,Johnny,RB,563400,BUF
Nelson,Shawn,TE,552500,BUF
Corner,Reggie,CB,542500,BUF
White,Chris,ILB,540150,BUF
Choice,Tashard,RB,536000,BUF
Moore,Kyle,DE,532500,BUF
Rogers,Justin,CB,526875,BUF
Young,Sam,RT,512625,BUF
Sheppard,Kelvin,ILB,511842,BUF
Sanborn,Garrison,LS,480000,BUF
Onobun,Fendi,TE,479750,BUF
Batten,Dan,DE,472917,BUF
Caussin,Mike,TE,472500,BUF
Roosevelt,Naaman,WR,472500,BUF
Brock,Kevin,TE,465000,BUF
Aiken,Kamar,WR,465000,BUF
Brown,Levi,QB,464750,BUF
Bell,Demetress,RT,440400,BUF
Jasper,Michael,G,440000,BUF
Johnson,Stevie,WR,439758,BUF
Jones,Donald,WR,408333,BUF
Nelson,David,WR,405000,BUF
Heard,Kellen,DE,405000,BUF
Howard,Cordaro,G,405000,BUF
Soliai,Paul,DT,12476000,MIA
Long,Jake,LT,11550000,MIA
Marshall,Brandon,WR,8955800,MIA
Dansby,Karlos,ILB,8420000,MIA
Allen,Will,S,6100000,MIA
Burnett,Kevin,OLB,5250000,MIA
Bell,Yeremiah,S,5000000,MIA
Bush,Reggie,RB,4875000,MIA
Crowder,Channing,LB,4600000,MIA
Incognito,Richie,G,4300000,MIA
Starks,Randy,DT,4010000,MIA
McDaniel,Tony,DT,3000000,MIA
Fasano,Anthony,TE,2925333,MIA
Dobbins,Tim,ILB,2633333,MIA
Odrick,Jared,DT,2614388,MIA
Moore,Matt,QB,2512500,MIA
Carey,Vernon,T,2500000,MIA
Pouncey,Mike,C,2314924,MIA
Bess,Davone,WR,2257500,MIA
Davis,Vontae,CB,2250000,MIA
Allen,Jason,CB,2097696,MIA
Carpenter,Dan,K,2000000,MIA
Merling,Phillip,DE,1863750,MIA
Garner,Nate,RT,1325000,MIA
Misi,Koa,ILB,1166226,MIA
Culver,Tyrone,S,1075000,MIA
Fields,Brandon,P,1030000,MIA
Trusnik,Jason,ILB,1000000,MIA
Olshansky,Igor,DE,910000,MIA
Losman,J.P.,QB,810000,MIA
Johnson,Larry,RB,810000,MIA
Thomas,Daniel,RB,809097,MIA
Henne,Chad,QB,782525,MIA
Smith,Sean,CB,779000,MIA
Denney,John,LS,757500,MIA
Fields,Ronald,DT,735000,MIA
Mitchell,Marvin,OLB,685000,MIA
Jerry,John,G,662125,MIA
Wake,Cameron,DE,650000,MIA
Langford,Kendall,DT,641250,MIA
Alama-Francis,Ikaika,DE,640000,MIA
Gates,Clyde,WR,634750,MIA
Slaton,Steve,RB,592347,MIA
Hartline,Brian,WR,563744,MIA
Clay,Charles,TE,538000,MIA
Hilliard,Lex,RB,525000,MIA
Wilson,Jimmy,S,521475,MIA
Carroll,Nolan,CB,496875,MIA
Jones,Reshad,S,487575,MIA
Clemons,Chris,S,478125,MIA
Yeatman,Will,LT,467333,MIA
Spitler,Austin,ILB,456619,MIA
Devlin,Pat,QB,420000,MIA
Murtha,Lydon,T,408500,MIA
Moore,Marlon,WR,406667,MIA
Ness,Nate,S,405000,MIA
Wallace,Roberto,WR,405000,MIA
Epps,Dedrick,TE,405000,MIA
Feinga,Ray,G,405000,MIA
Kopa,Matt,G,405000,MIA
Baker,Ryan,DT,395000,MIA
Mastrud,Jeron,TE,385000,MIA
Pruitt,Julius,WR,355000,MIA
Brady,Tom,QB,15700000,NE
Mankins,Logan,G,8500000,NE
Koutouvides,Niko,ILB,8100000,NE
Wilfork,Vince,DT,8000000,NE
Mayo,Jerod,ILB,7121429,NE
Light,Matt,T,6200000,NE
Cohen,Landon,DT,6000000,NE
Waters,Brian,G,5600000,NE
Haynesworth,Albert,DT,4350000,NE
Ellis,Shaun,DE,4000000,NE
Johnson,Chad,WR,3983333,NE
Branch,Deion,WR,3835000,NE
Welker,Wes,WR,3620000,NE
Koppen,Dan,C,3512167,NE
Gostkowski,Stephen,K,3151800,NE
Stroud,Marcus,DT,2250000,NE
Solder,Nate,LT,2135123,NE
McCourty,Devin,S,2000000,NE
Green-Ellis,BenJarvus,RB,1835000,NE
Barrett,Josh,S,1470000,NE
Anderson,Mark,DE,1375000,NE
Dowling,Ras-I,CB,1326025,NE
Chung,Patrick,S,1250000,NE
Guyton,Gary,OLB,1152500,NE
Gronkowski,Rob,TE,1110000,NE
Brace,Ron,DT,1108750,NE
Connolly,Dan,G,1053333,NE
Arrington,Kyle,CB,937500,NE
Cunningham,Jermaine,DE,908750,NE
White,Tracy,LB,860000,NE
Woodhead,Danny,RB,837500,NE
Wendell,Ryan,C,830000,NE
Jones,Nathan,CB,810000,NE
Spikes,Brandon,ILB,800000,NE
Vollmer,Sebastian,RT,776250,NE
Ridley,Stevan,RB,738375,NE
Mallett,Ryan,QB,736957,NE
Ninkovich,Rob,OLB,728333,NE
Tate,Brandon,WR,626250,NE
Molden,Antwaun,CB,613750,NE
Ihedigbo,James,S,600000,NE
Hernandez,Aaron,TE,594500,NE
Cannon,Marcus,G,584547,NE
Smith,Lee,TE,574571,NE
McDonald,Nick,C,540000,NE
Wilhite,Jonathan,CB,527625,NE
Mesko,Zoltan,P,494313,NE
Brown,Sergio,S,485000,NE
Carter,Tony,CB,480000,NE
Bussey,George,T,475458,NE
Slater,Matthew,WR,470000,NE
Hix,Kyle,T,468000,NE
Tarpinian,Jeff,OLB,468000,NE
Aiken,Danny,LS,465833,NE
Adams,Phillip,CB,462000,NE
Deaderick,Brandon,DT,457575,NE
Pryor,Myron,DT,457250,NE
Edelman,Julian,WR,449675,NE
Thomas,Donald,G,448668,NE
Katula,Matt,C,428236,NE
Fletcher,Dane,ILB,408333,NE
Lockett,Bret,S,405000,NE
Hoyer,Brian,QB,399167,NE
Love,Kyle,DT,365000,NE
Ohrnberger,Rich,C,363333,NE
Ventrone,Ross,S,342500,NE
Johnson,Terrence,CB,500,NE
Revis,Darrelle,CB,11500000,NYJ
Sanchez,Mark,QB,10100000,NYJ
Ferguson,D'Brickashaw,LT,10000000,NYJ
Harris,David,ILB,9000000,NYJ
Holmes,Santonio,WR,9000000,NYJ
Cromartie,Antonio,CB,8000000,NYJ
Scott,Bart,LB,8000000,NYJ
Mangold,Nick,C,7725000,NYJ
Pace,Calvin,OLB,7000000,NYJ
O'Connell,Kevin,QB,5252000,NYJ
Thomas,Bryan,LB,5000000,NYJ
Moore,Brandon,G,4000000,NYJ
Hunter,Wayne,T,3225000,NYJ
Burress,Plaxico,WR,3017000,NYJ
Tomlinson,LaDainian,RB,2600000,NYJ
Smith,Eric,S,2500000,NYJ
Keller,Dustin,TE,2350000,NYJ
Wilson,Kyle,CB,1981000,NYJ
Leonhard,Jim,S,1958333,NYJ
Wilkerson,Muhammad,DE,1718750,NYJ
DeVito,Mike,DE,1646250,NYJ
Pouha,Sione,DT,1450000,NYJ
Turner,Robert,C,1200000,NYJ
Ducasse,Vladimir,G,741250,NYJ
Pool,Brodney,S,735000,NYJ
Greene,Shonn,RB,663750,NYJ
Ellis,Kenrick,DT,655625,NYJ
Turner,Patrick,WR,616075,NYJ
Powell,Bilal,RB,610125,NYJ
McKnight,Joe,RB,572750,NYJ
Kerley,Jeremy,WR,556063,NYJ
Folk,Nick,K,552280,NYJ
McElroy,Greg,QB,526288,NYJ
Maybin,Aaron,OLB,525000,NYJ
Conner,John,FB,497250,NYJ
McIntyre,Garrett,OLB,470000,NYJ
Baker,Josh,TE,467333,NYJ
Bellore,Nick,ILB,467333,NYJ
Boggs,Taylor,G,465000,NYJ
Slauson,Matt,G,462550,NYJ
Kroul,Matt,C,450000,NYJ
Lankster,Ellis,CB,450000,NYJ
LaRocque,Joey,LB,450000,NYJ
Conley,T.J.,P,446667,NYJ
Dixon,Marcus,DE,436667,NYJ
Trufant,Isaiah,CB,420000,NYJ
Alexander,Gerald,S,414501,NYJ
Cumberland,Jeff,TE,405667,NYJ
Mauga,Josh,ILB,405000,NYJ
Purdum,Tanner,LS,405000,NYJ
Payne,Logan,WR,399060,NYJ
Westerman,Jamaal,LB,395667,NYJ
Pitoitua,Ropati,DE,395000,NYJ
Mulligan,Matthew,TE,393333,NYJ
Tevaseu,Martin,DT,386667,NYJ
Posey,Julian,CB,377333,NYJ
Washington,Lorenzo,DT,375000,NYJ
Landolt,Dennis,G,375000,NYJ
Riley,Eron,WR,353824,NYJ
Howard,Austin,G,353472,NYJ
Wilson,Tracy,S,307597,NYJ
Sapp,Ricky,OLB,297353,NYJ
Gilbert,Jarron,DE,274853,NYJ
Ngata,Haloti,DT,12131000,BAL
Suggs,Terrell,OLB,10416667,BAL
Evans,Lee,WR,9312500,BAL
Boldin,Anquan,WR,8333333,BAL
Foxworth,Domonique,CB,6800000,BAL
Yanda,Marshal,G,6400000,BAL
Lewis,Ray,LB,6357143,BAL
Flacco,Joe,QB,5950000,BAL
Reed,Ed,S,5726429,BAL
Kemoeatu,Maake,DT,4600000,BAL
Johnson,Jarret,OLB,4340000,BAL
Birk,Matt,C,4000000,BAL
Leach,Vonta,FB,3666667,BAL
Carr,Chris,CB,3500000,BAL
Gurode,Andre,C,3000000,BAL
Cundiff,Billy,K,2940000,BAL
Oher,Michael,RT,2699000,BAL
McKinnie,Bryant,LT,2500000,BAL
Koch,Sam,P,2500000,BAL
Smith,Jimmy,CB,1865425,BAL
Grubbs,Ben,G,1580000,BAL
McClain,Jameel,ILB,1385000,BAL
Pollard,Bernard,S,1367500,BAL
Williams,Ricky,RB,1300000,BAL
Ayanbadejo,Brendon,LB,1231250,BAL
Zbikowski,Tom,S,1200000,BAL
Nakamura,Haruki,S,1200000,BAL
Smith,Torrey,WR,847308,BAL
Kruger,Paul,OLB,812500,BAL
Rice,Ray,RB,789750,BAL
Cody,Terrence,DT,765000,BAL
Reid,Jah,G,650810,BAL
Dickson,Ed,TE,625833,BAL
Doss,Tandon,WR,613140,BAL
Burgess,Prescott,LB,600000,BAL
Divens,Lamar,DT,600000,BAL
Smith,Marcus,WR,600000,BAL
Webb,Lardarius,CB,571507,BAL
Brown,Chykie,CB,546140,BAL
McPhee,Pernell,OLB,546140,BAL
Taylor,Tyrod,QB,536327,BAL
Pitta,Dennis,TE,528667,BAL
Ellerbe,Dannell,OLB,525000,BAL
Williams,Cary,CB,525000,BAL
Lawrence,Matt,RB,525000,BAL
Allen,Anthony,RB,522750,BAL
McAdoo,Michael,LB,466667,BAL
Williams,LaQuan,WR,465167,BAL
Cox,Morgan,LS,450000,BAL
Gorrer,Danny,CB,450000,BAL
Reed,David,WR,449633,BAL
Jones,Arthur,DT,449527,BAL
Brown,Colin,G,446000,BAL
Harewood,Ramon,G,429724,BAL
Cook,Emanuel,CB,405000,BAL
Bynes,Josh,ILB,375000,BAL
McClellan,Albert,ILB,375000,BAL
Kindle,Sergio,LB,375000,BAL
Boren,Justin,G,375000,BAL
Whitworth,Andrew,LT,9762500,CIN
Hall,Leon,CB,9750000,CIN
Smith,Andre,RT,7000000,CIN
Geathers,Robert,DE,5625000,CIN
Peko,Domata,DT,5553000,CIN
Clements,Nate,CB,5250000,CIN
Green,A.J.,WR,4922025,CIN
Benson,Cedric,RB,4500000,CIN
Rivers,Keith,OLB,3833333,CIN
Lawson,Manny,OLB,3500000,CIN
Cook,Kyle,C,3500000,CIN
Williams,Bobbie,G,2850000,CIN
Gresham,Jermaine,TE,2819000,CIN
Hall,Leon,CB,2720000,CIN
Bryant,Antonio,WR,2700000,CIN
Crocker,Chris,S,2500000,CIN
Howard,Thomas,LB,2500000,CIN
Gradkowski,Bruce,QB,2000000,CIN
Nelson,Reggie,S,1910000,CIN
Johnson,Brandon,LB,1650000,CIN
Fanene,Jonathan,DE,1600000,CIN
Rucker,Frostee,DT,1565222,CIN
Dalton,Andy,QB,1303550,CIN
Maualuga,Rey,ILB,1177750,CIN
Mays,Taylor,S,1015000,CIN
Leonard,Brian,RB,1000000,CIN
Scaife,Bo,TE,1000000,CIN
Dunlap,Carlos,DE,929950,CIN
Simpson,Jerome,WR,904250,CIN
Lee,Donald,TE,850000,CIN
Atkins,Geno,DT,801363,CIN
Moch,Dontay,DE,755416,CIN
Nugent,Mike,K,685000,CIN
Johnson,Michael,DE,653255,CIN
Adeyanju,Victor,DT,640000,CIN
Wade,Jonathan,CB,640000,CIN
Shipley,Jordan,WR,636687,CIN
Boling,Clint,G,628112,CIN
Ghee,Brandon,CB,610775,CIN
Sims,Pat,DT,609250,CIN
Harris,Clark,LS,600000,CIN
Jones,Adam-Pacman,CB,592500,CIN
Jones,Adam-Pacman,CB,592500,CIN
Caldwell,Andre,WR,576500,CIN
Sands,Robert,S,562500,CIN
Muckelroy,Roddrick,ILB,553394,CIN
McGlynn,Mike,G,546750,CIN
Collins,Anthony,LT,543875,CIN
Whalen,Ryan,WR,541279,CIN
Huber,Kevin,P,486250,CIN
Coffman,Chase,TE,480000,CIN
Sanzenbacher,Dane,WR,468333,CIN
Stephens,Reggie,C,460348,CIN
Pressley,Chris,FB,460000,CIN
Scott,Bernard,RB,456878,CIN
Rey,Vincent,OLB,436667,CIN
Binns,Armon,WR,415000,CIN
Miles,Jeromy,S,405000,CIN
Hudson,Otis,G,372500,CIN
Mitchell,Andrew,T,330000,CIN
Jennings,Kelly,CB,200000,CIN
Thomas,Joe,LT,11500000,CLE
Haden,Joe,CB,8011348,CLE
Steinbach,Eric,G,7071429,CLE
Rubin,Ahtyba,DT,6625000,CLE
Cribbs,Joshua,WR,5165333,CLE
Brown,Sheldon,CB,5083333,CLE
Jackson,D'Qwell,ILB,4750000,CLE
Fujita,Scott,LB,4666667,CLE
Gocong,Chris,LB,4200000,CLE
Watson,Benjamin,TE,4000000,CLE
Patterson,Dimitri,CB,3600000,CLE
Pashos,Tony,RT,3418333,CLE
Dawson,Phil,K,3250000,CLE
Wallace,Seneca,QB,3066667,CLE
Mack,Alex,C,2920000,CLE
Moore,Evan,TE,2833333,CLE
Jackson,Brandon,RB,2250000,CLE
Taylor,Phil,DE,2023313,CLE
Young,Usama,S,1966667,CLE
Adams,Mike,S,1366667,CLE
Sheard,Jabaal,OLB,1272563,CLE
Ward,T.J.,S,1272000,CLE
McCoy,Colt,QB,1240000,CLE
Hodges,Reggie,P,978333,CLE
Massaquoi,Mohamed,WR,908926,CLE
Little,Greg,WR,831875,CLE
Lauvao,Shawn,G,825000,CLE
Ventrone,Raymond,S,750000,CLE
Hardesty,Montario,RB,711250,CLE
Smith,Alex,TE,685000,CLE
Cameron,Jordan,TE,629350,CLE
Marecic,Owen,FB,612000,CLE
Pinkston,Jason,G,570000,CLE
Maiava,Kaluka,ILB,566250,CLE
Skrine,Buster,CB,560500,CLE
Benard,Marcus,OLB,525000,CLE
Hagg,Eric,S,520100,CLE
Mitchell,Carlton,WR,475750,CLE
Cochart,Colin,TE,465000,CLE
Spears,Quinton,OLB,456333,CLE
Hillis,Peyton,RB,438700,CLE
Vallos,Steve,C,427813,CLE
Norwood,Jordan,WR,405000,CLE
Stephens,Emmanuel,DE,395000,CLE
Mcgee,Richmond,P,382500,CLE
Geathers,Clifton,DE,52110,CLE
Roethlisberger,Ben,QB,14664417,PIT
Woodley,LaMarr,OLB,10250000,PIT
Polamalu,Troy,S,9866667,PIT
Timmons,Lawrence,ILB,9559150,PIT
Harrison,James,OLB,8625000,PIT
Hampton,Casey,DT,7100000,PIT
Taylor,Ike,CB,7000000,PIT
Miller,Heath,TE,6750000,PIT
Colon,Willie,G,5800000,PIT
Ward,Hines,WR,4970000,PIT
Smith,Aaron,DE,4900000,PIT
Kemoeatu,Chris,G,4000000,PIT
Keisel,Brett,DE,3900000,PIT
Clark,Ryan,S,3500000,PIT
Foote,Larry,ILB,3100000,PIT
Pouncey,Maurkice,C,2961450,PIT
McFadden,Bryant,CB,2500000,PIT
RandleEl,Antwaan,WR,2333333,PIT
Mendenhall,Rashard,RB,2201000,PIT
Suisham,Shaun,K,2116667,PIT
Hood,Evander,DE,1774000,PIT
Leftwich,Byron,QB,1750000,PIT
Heyward,Cameron,DE,1676257,PIT
Allen,Will,S,1498333,PIT
Scott,Jonathan,LT,1300000,PIT
Battle,Arnaz,WR,1300000,PIT
Dixon,Dennis,QB,1200000,PIT
Hills,Tony,LT,1200000,PIT
Worilds,Jason,OLB,956250,PIT
Batch,Charlie,QB,935000,PIT
Cotchery,Jerricho,WR,860000,PIT
Moore,Mewelde,RB,860000,PIT
Warren,Greg,LS,855000,PIT
Starks,Max,LT,810000,PIT
Hoke,Chris,T,810000,PIT
Gilbert,Marcus,RT,806854,PIT
Pope,Leonard,TE,785000,PIT
Gay,William,CB,735000,PIT
Essex,Trai,T,685000,PIT
McCrae,Terrence,WR,682000,PIT
Brinkley,Niles,CB,681667,PIT
Chavis,Miguel,TE,681333,PIT
Greenwood,Brett,CB,681000,PIT
Charlton,Vaughn,TE,681000,PIT
Greenwood,Eric,WR,680667,PIT
Clanton,Erik,LB,680667,PIT
Miller,Colin,C,680667,PIT
Mims,Adam,WR,680667,PIT
Robinson,Armand,WR,680667,PIT
Boyle,Ty,DE,680333,PIT
Dieker,Chris,QB,680333,PIT
Harrison,Josh,T,680333,PIT
Chard,Derek,C,680333,PIT
Bates,Aaron,P,680333,PIT
Sepulveda,Daniel,P,650000,PIT
Brown,Curtis,CB,640300,PIT
Allen,Cortez,CB,607875,PIT
Sanders,Emmanuel,WR,600333,PIT
Harris,Macho,CB,600000,PIT
Kapinos,Jeremy,P,600000,PIT
Wallace,Mike,WR,580167,PIT
Lewis,Keenan,CB,555000,PIT
Carter,Chris,OLB,550700,PIT
Mundy,Ryan,S,525000,PIT
Atkins,Baraka,OLB,525000,PIT
Meredith,Jamon,G,525000,PIT
Legursky,Doug,C,525000,PIT
Batch,Baron,RB,521628,PIT
Saunders,Weslye,WR,466333,PIT
Cromartie-Smith,Da'Mon,S,465000,PIT
Ivy,Mortty,LB,465000,PIT
Gray,Anthony,DT,465000,PIT
Scott,Chris,G,451685,PIT
Sylvester,Stevenson,ILB,443853,PIT
Dwyer,Jonathan,RB,432800,PIT
Brown,Antonio,WR,429358,PIT
Clay,John,RB,415000,PIT
Johnson,David,FB,406067,PIT
Foster,Ramon,G,397667,PIT
Redman,Issac,RB,395667,PIT
McLendon,Steve,DT,362500,PIT
Joseph,Johnathan,CB,9750000,HOU
Johnson,Andre,WR,9685714,HOU
Williams,Mario,DE,9000000,HOU
Schaub,Matt,QB,8000000,HOU
Ryans,DeMeco,ILB,7800000,HOU
Smith,Antonio,DE,7100000,HOU
Winston,Eric,RT,6000000,HOU
Daniels,Owen,TE,5421875,HOU
Manning,Danieal,S,5000000,HOU
Walter,Kevin,WR,4300000,HOU
Jones,Jacoby,WR,3500000,HOU
Cushing,Brian,ILB,3180000,HOU
Smith,Wade,G,3000000,HOU
Cody,Shaun,DT,2875000,HOU
Watt,J.J.,DE,2809375,HOU
Myers,Chris,C,2750000,HOU
Leinart,Matt,QB,2750000,HOU
Jackson,Kareem,CB,2704000,HOU
Brown,Duane,LT,2280000,HOU
Rackers,Neil,K,2050000,HOU
Mason,Derrick,WR,1905000,HOU
Butler,Rashad,LT,1900000,HOU
Brisiel,Mike,G,1835000,HOU
Ward,Derrick,RB,1750000,HOU
Dreessen,Joel,TE,1200000,HOU
Reed,Brooks,OLB,1175441,HOU
Barwin,Connor,OLB,1002500,HOU
Harris,Brandon,CB,824832,HOU
Studdard,Kasey,G,735000,HOU
Tate,Ben,RB,730500,HOU
Mitchell,Earl,DT,682125,HOU
Jamison,Tim,DE,667000,HOU
Caldwell,Antoine,G,638563,HOU
Sharpton,Darryl,ILB,618735,HOU
Graham,Garrett,TE,592525,HOU
Carmichael,Rashad,CB,590522,HOU
Quin,Glover,S,560063,HOU
Keo,Shiloh,S,558000,HOU
Yates,T.J.,QB,556250,HOU
Demps,Quintin,S,540000,HOU
McManis,Sherrick,CB,533000,HOU
Newton,Derek,RT,525064,HOU
Foster,Arian,RB,525000,HOU
Nading,Jesse,DE,511667,HOU
Casey,James,TE,483750,HOU
Smith,Shelley,G,473518,HOU
Braman,Bryan,OLB,465667,HOU
Maehl,Jeff,WR,465000,HOU
Hartmann,Brett,P,465000,HOU
McCain,Brice,CB,462938,HOU
Maneri,Steve,TE,462500,HOU
Dickerson,Dorin,TE,460791,HOU
Nolan,Troy,S,452065,HOU
Jean,Lestar,WR,441667,HOU
Alexander,Mister,LB,420000,HOU
Manning,Peyton,QB,18000000,IND
Freeney,Dwight,OLB,12000000,IND
Clark,Dallas,TE,6960000,IND
Brackett,Gary,LB,6600000,IND
Wayne,Reggie,WR,6583333,IND
Bethea,Antoine,S,6500000,IND
Mathis,Robert,OLB,5000000,IND
Addai,Joseph,RB,4666667,IND
Saturday,Jeff,C,4433333,IND
Collins,Kerry,QB,4000000,IND
Bullitt,Melvin,S,3500000,IND
Vinatieri,Adam,K,3066667,IND
Brown,Donald,RB,2087000,IND
Castonzo,Anthony,LT,2000274,IND
Johnson,Antonio,DT,2000000,IND
Hughes,Jerry,DE,1950000,IND
Gonzalez,Anthony,WR,1500000,IND
Anderson,Jamaal,DE,1300000,IND
Snow,Justin,TE,1035571,IND
Ijalana,Benjamin,LT,1011374,IND
Moala,Fili,DE,825000,IND
Angerer,Patrick,ILB,822500,IND
Brayton,Tyler,DT,810000,IND
Orlovsky,Dan,QB,685000,IND
Nevis,Drake,DE,658528,IND
Powers,Jerraud,CB,630875,IND
Thomas,Kevin,CB,616368,IND
Carter,Delone,RB,616301,IND
Wheeler,Philip,OLB,587250,IND
Cosby,Quan,WR,570000,IND
Newton,Mike,CB,555000,IND
Collie,Austin,WR,546889,IND
Mathews,Ricardo,DE,540000,IND
Rucker,Chris,CB,535418,IND
Tamme,Jacob,TE,531643,IND
Conner,Kavell,ILB,496310,IND
Eldridge,Brody,TE,488200,IND
Toudouze,Michael,T,480000,IND
DeVan,Kyle,G,480000,IND
Lefeged,Joe,S,467667,IND
Lutrus,Scott,ILB,465000,IND
Mahaffey,Ryan,RB,465000,IND
Addison,Mario,DE,465000,IND
Smith,Andre,TE,465000,IND
Hines,Jermale,S,465000,IND
Holmes,Mike,CB,465000,IND
Painter,Curtis,QB,460250,IND
McAfee,Pat,P,452000,IND
Garcon,Pierre,WR,444150,IND
Richard,Jamey,G,435500,IND
Edds,A.J.,OLB,420000,IND
Johnson,Terrence,CB,415000,IND
Linkenbach,Jeff,G,411667,IND
White,Blair,WR,409000,IND
Thomas,Jaimie,T,405000,IND
Gronkowski,Chris,RB,405000,IND
Caldwell,David,S,405000,IND
King,Brandon,CB,405000,IND
Reitz,Joe,G,405000,IND
Lacey,Jacob,CB,391667,IND
Gill,John,DT,370000,IND
Posluszny,Paul,ILB,7500000,JAX
Lewis,Marcedes,TE,6800000,JAX
Jones-Drew,Maurice,RB,6220000,JAX
Session,Clint,LB,6000000,JAX
Kampman,Aaron,DE,6000000,JAX
Landry,Dawan,S,5500000,JAX
Monroe,Eugene,LT,5250000,JAX
Mathis,Rashean,CB,5100000,JAX
Smith,Daryl,ILB,4723333,JAX
Alualu,Tyson,DE,4379800,JAX
Nwaneri,Uche,G,4183500,JAX
Thomas,Mike,WR,3809000,JAX
Jones,Greg,FB,3480000,JAX
Gabbert,Blaine,QB,3000412,JAX
Roth,Matt,DE,3000000,JAX
Owens,Montell,FB,2600000,JAX
Meester,Brad,C,2500000,JAX
Coleman,Drew,CB,2466667,JAX
Osgood,Kassim,WR,2225000,JAX
Scobee,Josh,K,2000000,JAX
McCown,Luke,QB,1800000,JAX
Spitz,Jason,G,1750000,JAX
Robiskie,Brian,WR,1227688,JAX
Britton,Eben,RT,1145000,JAX
LeFevour,Dan,QB,1050000,JAX
Cain,Jeremy,LS,1000000,JAX
McBath,Darcel,S,962500,JAX
Mosley,C.J.,DT,832500,JAX
Jones,David,CB,745000,JAX
Rackley,Will,G,728569,JAX
Youboty,Ashton,CB,692500,JAX
Brown,Ceandris,CB,685000,JAX
Smith,D'Anthony,DT,673750,JAX
Shorts,Cecil,WR,668037,JAX
Price,Taylor,WR,661145,JAX
Prosinski,Chris,S,660036,JAX
Knighton,Terrance,DT,648465,JAX
Cox,Derek,CB,645750,JAX
Douzable,Leger,DE,600000,JAX
Mincey,Jeremy,DE,592500,JAX
Whimper,Guy,G,590000,JAX
Issac,Roderick,CB,581336,JAX
Trent,Morgan,CB,570000,JAX
Lowery,Dwight,S,542375,JAX
Lane,Austen,DE,531049,JAX
Greene,Courtney,S,525000,JAX
Middleton,William,CB,525000,JAX
Bolen,Brock,RB,525000,JAX
Karim,Deji,RB,498750,JAX
Irvin,Corvey,DT,495000,JAX
Dillard,Jarett,WR,485500,JAX
Norris,Slade,LB,480000,JAX
Underwood,Tiquan,WR,480000,JAX
Williams,Thomas,LB,470000,JAX
Williams,Trae,CB,468176,JAX
Bradfield,Cameron,RT,466667,JAX
Rutland,Kevin,CB,466667,JAX
Miller,Zach,TE,465125,JAX
Murphy,Richard,RB,465000,JAX
Potter,Zach,TE,450000,JAX
Jennings,Rashad,RB,447113,JAX
Harris,DuJuan,RB,420000,JAX
West,Chastin,WR,420000,JAX
Chick,John,DT,420000,JAX
Cloherty,Colin,TE,420000,JAX
Haslam,Kevin,T,410833,JAX
Estes,John,C,410000,JAX
Bosworth,Kyle,OLB,409167,JAX
Morgan,Aaron,DE,405000,JAX
Allen,Russell,OLB,400000,JAX
Johnson,Chris,RB,13493750,TEN
Roos,Michael,LT,7166667,TEN
Hasselbeck,Matt,QB,6666667,TEN
Stewart,David,RT,5269000,TEN
Amano,Eugene,C,5249400,TEN
Hope,Chris,S,5097502,TEN
Scott,Jake,G,4875000,TEN
Washington,Nate,WR,4466667,TEN
Finnegan,Cortland,CB,4200000,TEN
Haye,Jovan,DT,4050000,TEN
Ruud,Barrett,LB,4000000,TEN
Witherspoon,Will,OLB,3666667,TEN
Locker,Jake,QB,3146501,TEN
Harris,Leroy,C,3100000,TEN
Morgan,Derrick,OLB,3079002,TEN
Bironas,Rob,K,3000000,TEN
Graham,Daniel,TE,2833333,TEN
Smith,Shaun,DT,2416667,TEN
Griffin,Michael,S,2300000,TEN
Britt,Kenny,WR,1830002,TEN
Ball,Dave,DE,1300000,TEN
Kern,Brett,P,1298125,TEN
Ayers,Akeem,OLB,1231629,TEN
Shaw,Tim,OLB,1200000,TEN
Otto,Michael,LT,1200000,TEN
Bailey,Patrick,OLB,1200000,TEN
Hall,Ahmard,FB,1050000,TEN
Jones,Jason,DE,802500,TEN
Verner,Alterraun,CB,790035,TEN
Marks,Sen'Derrick,DT,774250,TEN
Smith,Anthony,S,685000,TEN
Casey,Jurrell,DE,683109,TEN
McCarthy,Colin,ILB,623850,TEN
Cook,Jared,TE,612500,TEN
Curran,Rennie,LB,608600,TEN
Mouton,Ryan,CB,603438,TEN
Stevens,Craig,TE,600500,TEN
Harper,Jamie,RB,585145,TEN
Klug,Karl,DT,558613,TEN
Hayes,William,DE,550825,TEN
McRath,Gerald,LB,544031,TEN
Johnson,Robert,S,540000,TEN
Kropog,Troy,RT,538625,TEN
Stingily,Byron,RT,537625,TEN
Clayton,Zach,DT,537500,TEN
Hawkins,Lavelle,WR,531938,TEN
Campbell,Tommie,CB,521474,TEN
Mariani,Marc,WR,499850,TEN
Johnson,Quinn,FB,485569,TEN
Smith,Rusty,QB,476056,TEN
Ringer,Javon,RB,474135,TEN
Kirkendoll,James,WR,466000,TEN
Afalava,Al,S,462650,TEN
McCourty,Jason,CB,459955,TEN
Malast,Kevin,LB,440000,TEN
Hawkins,Chris,CB,420000,TEN
Schommer,Nick,S,405000,TEN
Sheppard,Malcolm,DT,385000,TEN
Matthews,Kevin,C,368750,TEN
Durand,Ryan,G,362500,TEN
Velasco,Fernando,G,346000,TEN
Bailey,Champ,CB,10625000,DEN
Dumervil,Elvis,OLB,10250000,DEN
Williams,D.J.,ILB,5333333,DEN
Miller,Von,OLB,5250095,DEN
Bannan,Justin,DT,4996000,DEN
Kuper,Chris,G,4668667,DEN
Goodman,Andre',CB,4080000,DEN
Warren,Ty,DT,4000000,DEN
Clady,Ryan,LT,3500000,DEN
Moreno,Knowshon,RB,3415000,DEN
Bunkley,Brodrick,DT,2916667,DEN
Thomas,Demaryius,WR,2830100,DEN
Ayers,Robert,DE,2600000,DEN
Vickerson,Kevin,DT,2375000,DEN
McGahee,Willis,RB,2375000,DEN
Tebow,Tim,QB,2250000,DEN
Quinn,Brady,QB,1850000,DEN
Prater,Matt,K,1835000,DEN
Woodyard,Wesley,ILB,1835000,DEN
Hochstein,Russ,G,1750000,DEN
Haggan,Mario,LB,1373333,DEN
Moore,Rahim,S,1112032,DEN
Paxton,Lonie,LS,1106000,DEN
Franklin,Orlando,G,1089000,DEN
Beadles,Zane,G,1080250,DEN
Lloyd,Brandon,WR,1025000,DEN
Thomas,Marcus,DT,1000000,DEN
Royal,Eddie,WR,987458,DEN
Walton,J.D.,C,857875,DEN
Decker,Eric,WR,828788,DEN
Hunter,Jason,DE,747500,DEN
Rosario,Dante,TE,685000,DEN
Irving,Nate,ILB,683750,DEN
White,Lendale,RB,635000,DEN
Carter,Quinton,S,623750,DEN
McBean,Ryan,DE,600000,DEN
Jarmon,Jeremy,DT,597309,DEN
Bruton,David,S,558100,DEN
Hauschka,Steven,K,555000,DEN
Mohamed,Mike,ILB,550000,DEN
Green,Virgil,TE,526236,DEN
Dell,Mark,WR,498333,DEN
Cox,Perrish,CB,497500,DEN
Willis,Matt,WR,480000,DEN
Olsen,Eric,C,474000,DEN
Bowen,Alvin,LB,471500,DEN
Harris,Chris,CB,465667,DEN
Thompson,Syd'Quan,CB,461713,DEN
Larsen,Spencer,RB,450631,DEN
Thomas,Julius,TE,420750,DEN
Goodwin,D'Andre,WR,415000,DEN
Vaughn,Cassius,CB,408333,DEN
Garland,Ben,G,405667,DEN
Gronkowski,Dan,TE,405000,DEN
Bush,Rafael,S,405000,DEN
Ball,Lance,RB,403900,DEN
Fannin,Mario,RB,393333,DEN
Clark,Chris,RT,362500,DEN
Colquitt,Britton,P,345000,DEN
Robinson,Lee,ILB,330000,DEN
Hali,Tamba,OLB,11500000,KC
Jackson,Tyson,DT,11400000,KC
Cassel,Matt,QB,10500000,KC
Dorsey,Glenn,DT,10085000,KC
Berry,Eric,S,8340717,KC
Flowers,Brandon,CB,8225000,KC
Orton,Kyle,QB,5810500,KC
Johnson,Derrick,ILB,5530000,KC
Charles,Jamaal,RB,4661667,KC
Breaston,Steve,WR,4510000,KC
Williams,Demorrio,LB,3200000,KC
Albert,Branden,LT,3160000,KC
Succop,Ryan,K,2750000,KC
Carr,Brandon,CB,2610000,KC
Lilja,Ryan,C,2500000,KC
Jones,Thomas,RB,2500000,KC
Baldwin,Jonathan,WR,1887901,KC
Gilberry,Wallace,DE,1835000,KC
Richardson,Barry,LT,1835000,KC
Bowe,Dwayne,WR,1800000,KC
Colquitt,Dustin,P,1700000,KC
McClain,LeRon,FB,1500000,KC
Studebaker,Andy,OLB,1472500,KC
McCluster,Dexter,RB,1325000,KC
Arenas,Javier,CB,949604,KC
Becht,Anthony,TE,910000,KC
Copper,Terrance,WR,891667,KC
Asamoah,Jon,G,886280,KC
Hudson,Rodney,C,876525,KC
Moeaki,Tony,TE,817413,KC
Siler,Brandon,LB,750000,KC
Battle,Jackie,FB,750000,KC
Gafford,Thomas,LS,727500,KC
Lewis,Kendrick,S,709975,KC
Houston,Justin,OLB,696562,KC
Daniels,Travis,S,685000,KC
O'Callaghan,Ryan,T,685000,KC
Gaither,Jared,T,685000,KC
Bailey,Allen,DE,667736,KC
Brown,Jalil,CB,632325,KC
O'Connell,Jake,TE,595058,KC
Stanzi,Ricky,QB,571513,KC
Washington,Donald,CB,567446,KC
Miller,Gabe,TE,559625,KC
Powe,Jerrell,DT,535920,KC
Bannon,Shane,RB,529098,KC
Sheffield,Cameron,LB,496113,KC
Horne,Jeremy,WR,495000,KC
Langford,Reshard,CB,480000,KC
Bair,Brandon,DT,467333,KC
Greenwood,Cory,OLB,450000,KC
Lawrence,Quinten,WR,425000,KC
Draughn,Shaun,RB,415000,KC
Belcher,Jovan,LB,411667,KC
Seymour,Richard,DT,15000000,OAK
Routt,Stanford,CB,10900000,OAK
Palmer,Carson,QB,10750000,OAK
Wimbley,Kamerion,OLB,9950000,OAK
McClain,Rolando,ILB,8000000,OAK
Huff,Michael,S,8000000,OAK
Heyward-Bey,Darrius,WR,7650000,OAK
Kelly,Tommy,DT,7160714,OAK
McFadden,Darren,RB,7007292,OAK
Campbell,Jason,QB,4600000,OAK
Janikowski,Sebastian,K,4000000,OAK
Lechler,Shane,P,4000000,OAK
Boss,Kevin,TE,4000000,OAK
Johnson,Chris,CB,3850000,OAK
Curry,Aaron,OLB,3035000,OAK
Carlisle,Cooper,G,3020000,OAK
Moss,Jarvis,DE,3000000,OAK
Bush,Michael,RB,2610000,OAK
Heyer,Stephon,T,1700000,OAK
Barnes,Khalif,RT,1500000,OAK
Condo,Jon,LS,1183333,OAK
Houston,Lamarr,DE,1120000,OAK
Wisniewski,Stefen,C,1033851,OAK
Mitchell,Mike,S,944500,OAK
Cartwright,Rock,RB,910000,OAK
Veldheer,Jared,LT,882000,OAK
Ford,Jacoby,WR,787211,OAK
Groves,Quentin,OLB,765000,OAK
Pryor,Terrelle,QB,686517,OAK
Giordano,Matt,S,685000,OAK
Brown,Ricky,LB,685000,OAK
Blackstock,Darryl,LB,685000,OAK
VanDyke,DeMarcus,CB,657844,OAK
Shaughnessy,Matt,OLB,650563,OAK
Barksdale,Joe,RT,644950,OAK
Chekwa,Chimdi,CB,621300,OAK
Campbell,Bruce,RT,615625,OAK
Jones,Taiwan,CB,611250,OAK
Moore,Denarius,WR,557513,OAK
Branch,Tyvon,S,555206,OAK
Murphy,Louis,WR,549500,OAK
Gordon,Richard,TE,536213,OAK
Ausberry,David,TE,521475,OAK
Miller,Nick,WR,480000,OAK
Goethel,Travis,LB,473250,OAK
Myers,Brandon,TE,460250,OAK
Scott,Trevor,DE,455000,OAK
Reece,Marcel,FB,450000,OAK
Jones,Derrick,WR,440000,OAK
Schilens,Chaz,WR,439087,OAK
McCann,Bryan,CB,405000,OAK
Boyd,Jerome,CB,330000,OAK
Rivers,Philip,QB,15300000,SD
Jackson,Vincent,WR,11424000,SD
McNeill,Marcus,T,8163333,SD
Weddle,Eric,S,8000000,SD
Gates,Antonio,TE,7235000,SD
Dielman,Kris,G,6500000,SD
Castillo,Luis,DE,6378571,SD
Phillips,Shaun,DE,5266667,SD
Clary,Jeromey,G,5000000,SD
Mathews,Ryan,RB,4730000,SD
Jammer,Quentin,S,4546429,SD
Scifres,Mike,P,3625000,SD
Crayton,Patrick,WR,3500000,SD
Spikes,Takeo,LB,3166667,SD
Volek,Billy,QB,3000000,SD
Hardwick,Nick,C,2920833,SD
English,Larry,OLB,2710000,SD
Floyd,Malcom,WR,2500000,SD
Liuget,Corey,DE,2078936,SD
Sanders,Bob,S,2000000,SD
Kaeding,Nate,K,1867857,SD
Tolbert,Mike,FB,1835000,SD
Barnes,Antwan,OLB,1600000,SD
Cason,Antoine,CB,1556000,SD
LaBoy,Travis,DT,1450000,SD
Gregory,Steve,S,1200000,SD
Brown,Everette,OLB,1075000,SD
Cesaire,Jacques,DE,1067500,SD
Hughes,Dante,CB,1000000,SD
Gilchrist,Marcus,S,988900,SD
Mruczkowski,Scott,G,985000,SD
Diggs,Nail,LB,910000,SD
Harris,Tommie,DT,910000,SD
Butler,Donald,ILB,836625,SD
McMichael,Randy,TE,810000,SD
Mouton,Jonas,ILB,802376,SD
Garay,Antonio,DE,797500,SD
Thomas,Cam,DE,706075,SD
Moll,Tony,T,685000,SD
Robinson,Laurent,WR,685000,SD
Brown,Vincent,WR,656517,SD
Wright,Shareece,CB,646035,SD
Vasquez,Louis,G,637500,SD
Hester,Jacob,RB,634713,SD
Stuckey,Darrell,S,611500,SD
Martin,Vaughn,DE,559000,SD
Todman,Jordan,RB,552698,SD
Green,Tyronne,G,539813,SD
Schilling,Steve,G,529670,SD
Nwaguo,Ogemdi,DT,525000,SD
Dombrowski,Brandyn,G,525000,SD
Sperry,Kory,TE,525000,SD
Gachkar,Andrew,ILB,521475,SD
Brinkley,Curtis,RB,472500,SD
Bird,Bront,ILB,466333,SD
Gamble,Darryl,LB,465000,SD
Thomas,Marcus,RB,464246,SD
Goodman,Richard,WR,427500,SD
Ajirotutu,Seji,WR,405000,SD
Windt,Mike,LS,385000,SD
Lang,Brandon,LB,367500,SD
Triplett,Nathan,LB,50250,SD
Romo,Tony,QB,11250000,DAL
Ware,DeMarcus,DE,11142857,DAL
Newman,Terence,CB,8366667,DAL
Free,Doug,RT,8000000,DAL
Austin,Miles,WR,7728571,DAL
Witten,Jason,TE,7400000,DAL
Ratliff,Jay,DT,6946429,DAL
Sensabaugh,Gerald,S,4166667,DAL
James,Bradie,LB,4000000,DAL
Smith,Tyron,LT,3124025,DAL
Spears,Marcus,DE,3050000,DAL
Scandrick,Orlando,CB,3000000,DAL
Kitna,Jon,QB,2650000,DAL
Brooking,Keith,LB,2600000,DAL
Elam,Abram,S,2500000,DAL
Bryant,Dez,WR,2362100,DAL
Kosier,Kyle,G,2166667,DAL
Jones,Felix,RB,2105000,DAL
Loper,Daniel,T,2100000,DAL
Hatcher,Jason,DE,2000000,DAL
Jenkins,Mike,CB,1855000,DAL
Coleman,Kenyon,DE,1750000,DAL
McBriar,Mat,P,1700000,DAL
Spencer,Anthony,DE,1490600,DAL
Carter,Bruce,OLB,1213650,DAL
Crayton,Patrick,WR,1200000,DAL
Ball,Alan,CB,1200000,DAL
Lee,Sean,ILB,872500,DAL
Ladouceur,L.P.,LS,850000,DAL
Murray,DeMarco,RB,743360,DAL
Bennett,Martellus,TE,741250,DAL
Arkin,David,G,644650,DAL
McGee,Stephen,QB,570500,DAL
Butler,Victor,OLB,562000,DAL
Harris,Dwayne,WR,545015,DAL
Chapas,Shaun,TE,531713,DAL
Nagy,Bill,G,502725,DAL
Holland,Montrae,G,500000,DAL
Brent,Josh,DT,496888,DAL
Ogletree,Kevin,WR,480000,DAL
Buehler,David,K,474750,DAL
Geathers,Clifton,DE,473555,DAL
Livings,Nate,G,470000,DAL
Kowalski,Kevin,G,466667,DAL
Bailey,Dan,K,465833,DAL
Albright,Alex,OLB,465500,DAL
Tanner,Phillip,RB,465500,DAL
Jones,Chris,P,465000,DAL
Holmes,Andre,WR,465000,DAL
Lissemore,Sean,DT,459650,DAL
Phillips,John,TE,457000,DAL
Forbath,Kai,K,415000,DAL
Costa,Phil,C,409000,DAL
Church,Barry,S,409000,DAL
McCray,Danny,S,405000,DAL
Geathers,Clifton,DE,405000,DAL
Johnson,Manuel,WR,362500,DAL
Manning,Eli,QB,16250000,NYG
Rolle,Antrel,S,7420000,NYG
Webster,Corey,CB,7250000,NYG
Snee,Chris,G,7083333,NYG
Canty,Chris,DE,7000000,NYG
Jacobs,Brandon,RB,6250000,NYG
Tuck,Justin,DE,6200000,NYG
Baas,David,C,5500000,NYG
Diehl,David,RT,5166667,NYG
Kiwanuka,Mathias,DE,5000000,NYG
Boley,Michael,LB,5000000,NYG
Bradshaw,Ahmad,RB,4500000,NYG
Umenyiora,Osi,OLB,4115625,NYG
Pierre-Paul,Jason,DE,3216800,NYG
Rosenfels,Sage,QB,3000000,NYG
Ross,Aaron,CB,2700000,NYG
Phillips,Kenny,S,2230000,NYG
Nicks,Hakeem,WR,2215000,NYG
Amukamara,Prince,CB,2045225,NYG
Boothe,Kevin,G,1875000,NYG
Tynes,Lawrence,K,1400000,NYG
Thomas,Devin,WR,1208250,NYG
DeOssie,Zak,LS,1100000,NYG
Joseph,Linval,DT,1077625,NYG
Austin,Marvin,DT,943950,NYG
Carr,David,QB,860000,NYG
Bernard,Rocky,DT,860000,NYG
Weatherford,Steve,P,850000,NYG
Hixon,Domenik,WR,850000,NYG
Sintim,Clint,LB,837500,NYG
Kennedy,Jimmy,DT,810000,NYG
Clayton,Michael,WR,810000,NYG
Beatty,William,LT,783300,NYG
Tollefson,Dave,DE,685000,NYG
Ugoh,Tony,T,685000,NYG
Blackburn,Chase,OLB,685000,NYG
Blackmon,Will,CB,685000,NYG
Ware,D.J.,RB,680000,NYG
Jernigan,Jerrel,WR,672563,NYG
Barden,Ramses,WR,620289,NYG
Brewer,James,G,619273,NYG
Sash,Tyler,S,592694,NYG
Beckum,Travis,TE,590750,NYG
Reynaud,Darius,RB,585500,NYG
Manningham,Mario,WR,580500,NYG
Jones,Greg,ILB,560066,NYG
Coe,Michael,CB,555000,NYG
Williams,Jacquian,OLB,529670,NYG
Scott,Da'Rel,RB,523988,NYG
Parker,Martin,DT,510000,NYG
Witherspoon,Brian,CB,505000,NYG
Petrus,Mitch,G,495290,NYG
Johnson,Bruce,CB,480000,NYG
Hynoski,Henry,FB,470000,NYG
Herzlich,Mark,OLB,470000,NYG
Paysinger,Spencer,OLB,466000,NYG
Pascoe,Bear,TE,464138,NYG
Brown,Andre,RB,450000,NYG
Parker,Martin,DT,440500,NYG
Horton,Chris,S,435379,NYG
Cruz,Victor,WR,405000,NYG
Calhoun,Duke,WR,405000,NYG
Ballard,Jake,TE,405000,NYG
Cordle,Jim,C,383333,NYG
Vick,Michael,QB,16000000,PHI
Peters,Jason,LT,12862500,PHI
Asomugha,Nnamdi,CB,12000000,PHI
Samuel,Asante,CB,9912500,PHI
Jenkins,Cullen,DT,6075000,PHI
Babin,Jason,DE,5780000,PHI
Cole,Trent,OLB,5200000,PHI
Celek,Brent,TE,4875000,PHI
Patterson,Mike,DT,4785714,PHI
Justice,Winston,LT,4537500,PHI
Young,Vince,QB,4000000,PHI
Smith,Steve,WR,4000000,PHI
Graham,Brandon,OLB,3381600,PHI
Rodgers-Cromartie,Dominique,CB,3105750,PHI
Tapp,Darryl,OLB,3000000,PHI
Avant,Jason,WR,2950000,PHI
Maclin,Jeremy,WR,2875000,PHI
Herremans,Todd,RT,2808333,PHI
Parker,Juqua,DE,2560000,PHI
Watkins,Danny,G,1983988,PHI
Allen,Nate,S,1283250,PHI
Jackson,Jamaal,C,1271250,PHI
Brown,Ronnie,RB,1250000,PHI
Hanson,Joselio,CB,900000,PHI
Jarrett,Jaiquawn,S,899688,PHI
Laws,Trevor,DT,891750,PHI
Dorenbos,Jon,LS,880000,PHI
McCoy,LeSean,RB,874281,PHI
Jackson,DeSean,WR,867334,PHI
Marsh,Curtis,CB,809790,PHI
Page,Jarrad,S,735000,PHI
Mathis,Evan,G,735000,PHI
Hargrove,Anthony,DE,735000,PHI
Harris,Ryan,RT,735000,PHI
Sims,Ernie,OLB,685000,PHI
Henery,Alex,K,622529,PHI
Matthews,Casey,ILB,619966,PHI
Coleman,Kurt,S,613342,PHI
Nelson,Tom,S,570000,PHI
Kafka,Mike,QB,564197,PHI
Clayton,Keenan,OLB,564197,PHI
Harbor,Clay,TE,560725,PHI
Lewis,Dion,RB,557220,PHI
Vandervelde,Julian,C,551200,PHI
Welch,Thomas,RT,540000,PHI
Kelce,Jason,C,534358,PHI
Rolle,Brian,ILB,534150,PHI
Cooper,Riley,WR,527870,PHI
Landri,Derek,DT,523824,PHI
Lloyd,Greg,LB,517475,PHI
Henry,Chas,P,471000,PHI
Thornton,Cedric,DE,467500,PHI
Schmitt,Owen,FB,465750,PHI
Hunt,Phillip,OLB,463333,PHI
Chaney,Jamar,ILB,462563,PHI
Johnson,Ronald,WR,455000,PHI
Hall,Chad,WR,450000,PHI
Fokou,Moise,ILB,449938,PHI
Mays,Joe,ILB,445324,PHI
Abiamiri,Victor,DE,440000,PHI
Dunlap,King,LT,438043,PHI
Hughes,Brandon,CB,405000,PHI
Anderson,Colt,S,405000,PHI
Dixon,Antonio,DT,396667,PHI
Jordan,Akeem,ILB,367500,PHI
Williams,Trent,LT,10000000,WAS
Hall,DeAngelo,CB,9166667,WAS
Landry,LaRon,S,8300000,WAS
Cofield,Barry,DT,6000000,WAS
Brown,Jammal,T,5500000,WAS
Bowen,Stephen,DE,5500000,WAS
Atogwe,Oshiomogho,S,5200000,WAS
Fletcher,London,ILB,5000000,WAS
Cooley,Chris,TE,5000000,WAS
Moss,Santana,WR,5000000,WAS
Wilson,Josh,CB,4500000,WAS
Chester,Chris,G,4000000,WAS
Orakpo,Brian,OLB,3559000,WAS
McIntosh,Rocky,OLB,3000000,WAS
Hicks,Artis,G,2601667,WAS
Carriker,Adam,DE,2575100,WAS
Gaffney,Jabar,WR,2500000,WAS
Kerrigan,Ryan,OLB,2180074,WAS
Hightower,Tim,RB,1835000,WAS
Rocca,Sav,P,1750000,WAS
Doughty,Reed,S,1375000,WAS
Jenkins,Jarvis,DE,1195670,WAS
Sellers,Mike,FB,1156667,WAS
Grossman,Rex,QB,1150000,WAS
Beck,John,QB,1117000,WAS
Alexander,Lorenzo,OLB,1050000,WAS
Buchanon,Phillip,CB,910000,WAS
Davis,Fred,TE,879250,WAS
Stallworth,Donte,WR,860000,WAS
Locklear,Sean,T,810000,WAS
Fox,Keyaron,ILB,810000,WAS
Riley,Perry,ILB,790750,WAS
Thomas,Devin,WR,787000,WAS
Golston,Kedric,DE,735000,WAS
Blades,H.B.,LB,735000,WAS
Schouman,Derek,TE,685000,WAS
Anderson,David,WR,685000,WAS
Jones,Edgar,OLB,685000,WAS
Clemens,Kellen,QB,685000,WAS
Hankerson,Leonard,WR,680344,WAS
Quinn,Richard,TE,670000,WAS
Balmer,Kentwan,DE,650000,WAS
Scott,Darrion,DT,640000,WAS
Barnes,Kevin,CB,638250,WAS
Helu,Roy,RB,627563,WAS
Bryant,Anthony,DT,615000,WAS
Gomes,Dejon,S,557825,WAS
Paul,Niles,TE,555413,WAS
Lichtensteiger,Kory,C,547563,WAS
Royster,Evan,RB,536918,WAS
Jackson,Rob,OLB,536667,WAS
Thompson,Brandyn,CB,525151,WAS
Hurt,Maurice,G,524850,WAS
Neild,Chris,DT,521475,WAS
McCaskill,Nevin,T,502500,WAS
Davis,James,RB,480000,WAS
Smith,Willie,LT,470000,WAS
Austin,Terrence,WR,462564,WAS
Gano,Graham,K,461250,WAS
Cook,Erik,C,460220,WAS
Moore,Kareem,S,422250,WAS
Robinson,Aldrick,WR,415000,WAS
Worthington,Doug,DE,415000,WAS
Paulsen,Logan,TE,408333,WAS
Young,Darrel,FB,405000,WAS
Armstrong,Anthony,WR,405000,WAS
Banks,Brandon,WR,405000,WAS
Sundberg,Nick,LS,405000,WAS
Baker,Chris,DT,355950,WAS
Montgomery,Will,C,77500,WAS
Peppers,Julius,OLB,14000000,CHI
Cutler,Jay,QB,10074000,CHI
Urlacher,Brian,LB,8710000,CHI
Tillman,Charles,CB,6166667,CHI
Briggs,Lance,OLB,6000000,CHI
Hester,Devin,WR,5489006,CHI
Bennett,Earl,WR,3750000,CHI
Idonije,Israel,DE,3500000,CHI
Spencer,Chris,G,3000000,CHI
Omiyale,Frank,T,2875000,CHI
Gould,Robbie,K,2583333,CHI
Williams,Chris,G,2546000,CHI
Williams,Roy,WR,2500000,CHI
Garza,Roberto,C,2333333,CHI
Adams,Anthony,DT,2250000,CHI
Barber,Marion,RB,2250000,CHI
Roach,Nick,ILB,2250000,CHI
Podlesh,Adam,P,2000000,CHI
Spaeth,Matt,TE,1991667,CHI
Carimi,Gabe,G,1764012,CHI
Meriweather,Brandon,S,1753000,CHI
Toeaina,Matt,DT,1617500,CHI
Jennings,Tim,CB,1450000,CHI
Harris,Chris,S,1447500,CHI
Hurd,Sam,WR,1383333,CHI
Okoye,Amobi,DT,1382500,CHI
Graham,Corey,CB,1300000,CHI
Hanie,Caleb,QB,1200000,CHI
Mannelly,Patrick,LS,1051667,CHI
Gholston,Vernon,LB,1000000,CHI
Forte,Matt,RB,941625,CHI
Paea,Stephen,DT,921476,CHI
Wright,Major,S,869425,CHI
Wootton,Corey,DT,785018,CHI
Conte,Christopher,S,650900,CHI
Williams,Edwin,C,630000,CHI
Harrison,Marcus,DT,598901,CHI
Steltz,Craig,S,581500,CHI
Melton,Henry,DT,565250,CHI
Moore,D.J.,CB,554188,CHI
Enderle,Nathan,QB,552215,CHI
Adibi,Xavier,LB,539500,CHI
Williams,Jabara,OLB,510000,CHI
Thomas,J.T.,OLB,495629,CHI
Komar,Max,WR,490000,CHI
Knox,Johnny,WR,488500,CHI
Bell,Kahlil,RB,480000,CHI
Webb,J'Marcus,RT,476403,CHI
Davis,Kellen,TE,468239,CHI
Gibson,Thaddeus,DE,465000,CHI
Adams,Kyle,TE,465000,CHI
DeCicco,Dom,ILB,465000,CHI
Walters,Anthony,S,465000,CHI
Henry,Ricky,G,465000,CHI
Clutts,Tyler,FB,465000,CHI
Horn,Levi,T,465000,CHI
Unga,Harvey,FB,461500,CHI
Louis,Lance,G,448000,CHI
Allen,Armando,RB,415000,CHI
Bowman,Zackary,CB,388750,CHI
Komar,Max,WR,364000,CHI
Suh,Ndamukong,DT,12900400,DET
Stafford,Matthew,QB,12000000,DET
Johnson,Calvin,WR,9250000,DET
VandenBosch,Kyle,DE,6500000,DET
Williams,Corey,DT,6433333,DET
Backus,Jeff,T,6333333,DET
Levy,DeAndre,ILB,6019000,DET
Burleson,Nate,WR,5000000,DET
Raiola,Dominic,C,5000000,DET
Sims,Rob,G,3550000,DET
Wright,Eric,CB,3500000,DET
Tulloch,Stephen,ILB,3250000,DET
Johnson,Bryant,WR,3000000,DET
Peterman,Stephen,G,3000000,DET
Cherilus,Gosder,RT,3000000,DET
Houston,Chris,CB,3000000,DET
Durant,Justin,OLB,2750000,DET
Avril,Cliff,DE,2611000,DET
Pettigrew,Brandon,TE,2560000,DET
Fairley,Nick,DT,2472250,DET
Hill,Shaun,QB,2409113,DET
Scheffler,Tony,TE,2356500,DET
Morris,Maurice,RB,2333333,DET
Jackson,Lawrence,DE,2250000,DET
Hanson,Jason,K,1975000,DET
Best,Jahvid,RB,1969000,DET
Gandy,Dylan,G,1642500,DET
Delmas,Louis,S,1487500,DET
Heller,Will,TE,1316667,DET
Felton,Jerome,FB,1200000,DET
Fluellen,Andre,DT,1200000,DET
Young,Titus,WR,1140330,DET
Smith,Alphonso,CB,1020000,DET
Wendling,John,S,913333,DET
Davis,Leonard,G,910000,DET
Leshoure,Mikel,RB,858545,DET
Logan,Stefan,WR,820000,DET
Coleman,Erik,S,765000,DET
Muhlbach,Don,LS,748000,DET
Harrison,Jerome,RB,735000,DET
Graham,Ben,P,685000,DET
Davis,Rashied,WR,685000,DET
Carpenter,Bobby,LB,685000,DET
McDonald,Brandon,CB,685000,DET
Stovall,Maurice,WR,685000,DET
Harris,Nick,P,683334,DET
Stanton,Drew,QB,650000,DET
Spievey,Amari,S,638333,DET
Smith,Kevin,RB,600000,DET
Williams,Derrick,WR,585333,DET
Hogue,Douglas,OLB,554527,DET
Culbreath,Johnny,T,550000,DET
Carey,Don,S,540000,DET
Williams,Jack,CB,539250,DET
Palmer,Ashlee,OLB,525000,DET
Fox,Jason,RT,515333,DET
Bell,Joique,RB,502500,DET
Hughes,Nate,WR,480000,DET
Hilliard,Corey,RT,480000,DET
Young,Willie,DE,421000,DET
Follett,Zack,LB,406867,DET
Berry,Aaron,CB,405500,DET
Williams,Keiland,RB,405000,DET
LeeHill,Sammie,DT,395000,DET
Dizon,Jordon,LB,383333,DET
Dickson,Richard,TE,2333,DET
Woodson,Charles,S,11000000,GB
Rodgers,Aaron,QB,10586667,GB
Williams,Tramon,CB,8250000,GB
Sitton,Josh,G,6750000,GB
Hawk,A.J.,ILB,6750000,GB
Jennings,Greg,WR,6721250,GB
Collins,Nick,S,6687500,GB
Clifton,Chad,T,6526667,GB
Pickett,Ryan,DT,6187500,GB
Driver,Donald,WR,5736000,GB
Raji,B.J.,DE,5386000,GB
Grant,Ryan,RB,5000000,GB
Bishop,Desmond,OLB,4762500,GB
Nelson,Jordy,WR,4366667,GB
Jones,James,WR,3233333,GB
Wells,Scott,C,3000000,GB
Crosby,Mason,K,2950000,GB
Bulaga,Bryan,RT,2649000,GB
Matthews,Clay,OLB,2620000,GB
Kuhn,John,FB,2533333,GB
Muir,Daniel,DT,1850000,GB
Sherrod,Derek,RT,1650501,GB
Bush,Jarrett,CB,1500000,GB
Peprah,Charlie,S,1125000,GB
Burnett,Morgan,S,877025,GB
Cobb,Randall,WR,802355,GB
Neal,Michael,DE,775000,GB
Lee,Pat,CB,746250,GB
Quarless,Andrew,TE,703856,GB
Newhouse,Marshall,RT,695713,GB
Martin,Derrick,CB,685000,GB
Goode,Brett,LS,656333,GB
Green,Alexander,RB,644375,GB
Finley,Jermichael,TE,589500,GB
House,Davon,CB,585145,GB
Lang,T.J.,G,563125,GB
Williams,D.J.,TE,559500,GB
Harrell,Graham,QB,540000,GB
Smith,D.J.,ILB,535788,GB
Taylor,Ryan,TE,524794,GB
Guy,Lawrence,DE,521475,GB
Starks,James,RB,510075,GB
Schlauderaff,Caleb,C,510000,GB
Wilson,C.J.,DE,475089,GB
So'oto,Vic,OLB,468000,GB
Dominguez,Ray,G,467833,GB
Lattimore,Jamari,ILB,466667,GB
Jennings,M.D.,S,465867,GB
Saine,Brandon,RB,465000,GB
Wynn,Jarius,DE,464683,GB
Underwood,Brandon,CB,463050,GB
Jones,Brad,ILB,452564,GB
Flynn,Matt,QB,442294,GB
Walden,Erik,OLB,422250,GB
Shields,Sam,CB,407500,GB
Zombo,Frank,OLB,406167,GB
Crabtree,Tom,TE,405000,GB
Masthay,Tim,P,405000,GB
Dietrich-Smith,Evan,C,396000,GB
Francois,Rob,ILB,375000,GB
Peterson,Adrian,RB,14380000,MIN
Allen,Jared,DE,12210012,MIN
Camarillo,Greg,WR,9250000,MIN
Greenway,Chad,OLB,8120000,MIN
McNabb,Donovan,QB,7300000,MIN
Winfield,Antoine,CB,7200000,MIN
Hutchinson,Steve,G,7000000,MIN
Williams,Kevin,DT,5721750,MIN
Griffin,Cedric,CB,5700000,MIN
Henderson,E.J.,LB,5000000,MIN
Sullivan,John,C,4900000,MIN
Robison,Brian,DE,4500000,MIN
Shiancoe,Visanthe,TE,3700000,MIN
Johnson,Charlie,G,3500000,MIN
Longwell,Ryan,K,3000000,MIN
Ayodele,Remi,DT,3000000,MIN
Jenkins,Michael,WR,2916667,MIN
Ponder,Christian,QB,2539675,MIN
Harvin,Percy,WR,2410000,MIN
Berrian,Bernard,WR,1900000,MIN
Abdullah,Husain,S,1835000,MIN
Cook,Chris,CB,1342500,MIN
Berger,Joe,C,1338906,MIN
Kluwe,Chris,P,1247857,MIN
Henderson,Erin,ILB,1200000,MIN
Frampton,Eric,S,1166667,MIN
Loeffler,Cullen,LS,1140000,MIN
Cook,Ryan,C,1112500,MIN
Evans,Fred,DT,1100000,MIN
Rudolph,Kyle,TE,976791,MIN
Johnson,Tyrell,S,943750,MIN
Gerhart,Toby,RB,938500,MIN
Loadholt,Phillip,RT,856250,MIN
Kooistra,Scott,T,810000,MIN
Aromashodu,Devin,WR,685000,MIN
Allen,Asher,CB,618875,MIN
Ballard,Christian,DT,611888,MIN
Griffen,Everson,DE,582500,MIN
Burton,Brandon,CB,552250,MIN
Love,DeMarcus,LT,540775,MIN
Raymond,Mistral,S,539483,MIN
Fusco,Brandon,G,538556,MIN
Reed,D'Aundre,DE,522563,MIN
Burton,Stephen,WR,521475,MIN
Hardy,Daniel,TE,521475,MIN
Booker,Lorenzo,RB,512500,MIN
Sendejo,Andrew,S,495000,MIN
Brinkley,Jasper,ILB,484000,MIN
Shuler,Mickey,TE,472500,MIN
Webb,Joe,QB,470629,MIN
Guion,Letroy,DT,470425,MIN
Reisner,Allen,TE,465833,MIN
Todman,Jordan,RB,465000,MIN
D'Imperio,Ryan,LB,465000,MIN
Dean,Larry,OLB,465000,MIN
Sanford,Jamarca,S,449819,MIN
Arceneaux,Emmanuel,WR,440000,MIN
King,Caleb,RB,415000,MIN
Brown,Patrick,G,405000,MIN
Sherels,Marcus,CB,355000,MIN
Bomar,Rhett,QB,355000,MIN
Perrilloux,Ryan,QB,330000,MIN
Camarillo,Greg,WR,12667,MIN
Ryan,Matt,QB,11250000,ATL
Robinson,Dunta,CB,9500000,ATL
Abraham,John,OLB,7500000,ATL
White,Roddy,WR,7120000,ATL
Blalock,Justin,G,6400000,ATL
Gonzalez,Tony,TE,6325000,ATL
Turner,Michael,RB,5750000,ATL
Edwards,Ray,DE,5500000,ATL
Babineaux,Jonathan,DE,5000000,ATL
Clabo,Tyson,RT,5000000,ATL
Jones,Julio,WR,4045938,ATL
Nicholas,Stephen,OLB,3500000,ATL
Mughelli,Ovie,RB,3000000,ATL
Redman,Chris,QB,2800000,ATL
Weatherspoon,Sean,OLB,2796500,ATL
Baker,Sam,LT,2700000,ATL
Bryant,Matt,K,2675000,ATL
Grimes,Brent,CB,2611000,ATL
McClure,Todd,C,2000000,ATL
Peelle,Justin,TE,1750000,ATL
Jerry,Peria,DT,1692000,ATL
Svitek,Will,LT,1500750,ATL
Sanders,James,S,1300000,ATL
Cox,Mike,FB,1200000,ATL
Weems,Eric,WR,1200000,ATL
Lofton,Curtis,ILB,1144500,ATL
Snelling,Jason,RB,1000000,ATL
Peterson,Mike,LB,960000,ATL
Kelly,Reggie,TE,960000,ATL
Zelenka,Joe,LS,860000,ATL
Moore,William,S,852125,ATL
Peters,Corey,DT,850000,ATL
Romberg,Brett,C,810000,ATL
Dent,Akeem,ILB,691975,ATL
Chambers,Kirk,G,685000,ATL
Johnson,Mike,RT,645554,ATL
Coleman,Erik,S,625000,ATL
Owens,Christopher,CB,609676,ATL
Hawley,Joe,C,605795,ATL
Douglas,Harry,WR,602263,ATL
DeCoud,Thomas,S,575745,ATL
Rodgers,Jacquizz,RB,557750,ATL
Sidbury,Lawrence,OLB,548725,ATL
Bosher,Matt,P,533950,ATL
Matthews,Cliff,DE,521750,ATL
Schillinger,Shann,S,516279,ATL
Franks,Dominique,CB,500263,ATL
Reynolds,Garrett,RT,482650,ATL
Walker,Vance,DT,480000,ATL
Biermann,Kroy,OLB,469938,ATL
Walls,Darrin,CB,467833,ATL
Adkins,Spencer,OLB,467263,ATL
Meier,Kerry,WR,444251,ATL
James,Robert,OLB,415000,ATL
Cone,Kevin,WR,415000,ATL
Palmer,Michael,TE,362500,ATL
Smith,Antone,RB,362500,ATL
Johnson,Charles,DE,12666667,CAR
Gross,Jordan,LT,9400000,CAR
Beason,Jon,ILB,8821592,CAR
Gamble,Chris,CB,8791667,CAR
Williams,DeAngelo,RB,8600000,CAR
Kalil,Ryan,C,8186000,CAR
Davis,Thomas,OLB,7300000,CAR
Smith,Steve,WR,7200000,CAR
Wharton,Travelle,G,5833333,CAR
Newton,Cam,QB,5506375,CAR
Godfrey,Charles,S,5500000,CAR
Olsen,Greg,TE,4560000,CAR
Anderson,James,OLB,4400000,CAR
Stewart,Jonathan,RB,4120000,CAR
Shockey,Jeremy,TE,3812500,CAR
Hangartner,Geoff,G,3250000,CAR
Mare,Olindo,K,3000000,CAR
Otah,Jeff,T,2866000,CAR
Edwards,Ron,DT,2750000,CAR
Kasay,John,K,2312500,CAR
Senn,Jordan,OLB,1200000,CAR
Butler,Darius,CB,1081250,CAR
Hartsock,Ben,TE,1000000,CAR
LaFell,Brandon,WR,869600,CAR
Clausen,Jimmy,QB,807500,CAR
Martin,Sherrod,S,806375,CAR
Brown,Everette,OLB,770000,CAR
Anderson,Derek,QB,735000,CAR
McClain,Terrell,DT,710826,CAR
Hardy,Greg,DE,693946,CAR
Williams,Garry,G,680556,CAR
Williams,Jason,OLB,657500,CAR
Ziemba,Lee,G,647646,CAR
Edwards,Armanti,WR,639710,CAR
Fua,Sione,DT,636504,CAR
Hogan,Brandon,CB,634257,CAR
Connor,Dan,ILB,623346,CAR
Barnidge,Gary,TE,622500,CAR
Thomas,Johsua,CB,569450,CAR
Pilares,Kealoha,WR,563878,CAR
Norwood,Eric,LB,562000,CAR
Goodson,Mike,RB,560500,CAR
Fiammetta,Tony,FB,546500,CAR
Kearse,Frank,DT,520000,CAR
Jones,Colin,S,510000,CAR
Wilson,Kion,ILB,510000,CAR
Gettis,David,WR,496012,CAR
Brockel,Richie,FB,480000,CAR
Null,Keith,QB,480000,CAR
Hayden,Nick,DT,480000,CAR
Sutton,Tyrell,RB,480000,CAR
Williams,Zachary,G,469670,CAR
Bell,Byron,LT,469667,CAR
Pugh,Jordan,S,468319,CAR
Adams,Darvin,WR,465000,CAR
Browning,Bryant,LT,465000,CAR
Byers,Jeff,C,465000,CAR
Keiser,Thomas,OLB,465000,CAR
Selvie,George,DE,461489,CAR
Munnerlyn,Captain,CB,452725,CAR
Phillips,Jason,ILB,447017,CAR
Bernadeau,Mackenzy,G,435500,CAR
Neblett,Andre,DT,405000,CAR
Schwartz,Geoff,G,405000,CAR
Stanford,R.J.,CB,405000,CAR
Dockery,James,CB,340000,CAR
Jackson,Rashawn,RB,330000,CAR
Smith,Will,OLB,10233333,NO
Brees,Drew,QB,10000000,NO
Evans,Jahri,G,8100000,NO
Vilma,Jonathan,ILB,6800000,NO
Ellis,Sedrick,DT,6700000,NO
Harper,Roman,S,6250000,NO
Greer,Jabari,CB,5500000,NO
Bushrod,Jermon,LT,4900000,NO
Moore,Lance,WR,4000000,NO
Jenkins,Malcolm,S,3800000,NO
Colston,Marques,WR,3750000,NO
Sproles,Darren,RB,3500000,NO
Henderson,Devery,WR,3000000,NO
Thomas,Pierre,RB,2800000,NO
Nicks,Carl,G,2611000,NO
Hartley,Garret,K,2560000,NO
Meachem,Robert,WR,2260000,NO
Shanle,Scott,LB,2000000,NO
Jordan,Cameron,DE,1932850,NO
Strief,Zach,RT,1916667,NO
Robinson,Patrick,CB,1881900,NO
Ingram,Mark,RB,1854188,NO
Thomas,David,TE,1833333,NO
Herring,Will,LB,1666667,NO
McBride,Turk,DE,1200000,NO
Hall,Korey,RB,1055000,NO
Porter,Tracy,CB,1050000,NO
Brown,Charles,LT,775000,NO
Wilson,Martez,OLB,719081,NO
Patrick,Johnny,CB,681845,NO
Graham,Jimmy,TE,613785,NO
Romeus,Greg,DE,520000,NO
Tennant,Matt,G,491625,NO
Morstead,Thomas,P,478750,NO
Abdul-Quddus,Isa,S,466667,NO
Morgan,Joseph,WR,466333,NO
Johnson,Tom,DE,465000,NO
Collins,Jed,FB,430000,NO
Bussey,Nathan,LB,415000,NO
Amaya,Jonathon,S,408333,NO
Ivory,Chris,RB,406667,NO
Galette,Junior,OLB,406667,NO
Drescher,Justin,LS,405000,NO
Casillas,Jonathan,OLB,397500,NO
Daniel,Chase,QB,395000,NO
McCoy,Gerald,DT,11000000,TB
Joseph,Davin,G,7500000,TB
Penn,Donald,LT,6950000,TB
Faine,Jeff,C,6250000,TB
Winslow,Kellen,TE,6016667,TB
Black,Quincy,LB,5800000,TB
Freeman,Josh,QB,5200000,TB
Trueblood,Jeremy,RT,5000000,TB
Barber,Ronde,S,4000000,TB
Koenen,Michael,P,3250000,TB
Talib,Aqib,CB,2800000,TB
Jackson,Tanard,S,2100000,TB
Clayborn,Adrian,DE,2052542,TB
Barth,Connor,K,1835000,TB
Price,Brian,DT,1337500,TB
Lee,James,T,1335000,TB
Benn,Arrelious,WR,1160000,TB
Hayward,Adam,OLB,1154423,TB
Jones,Sean,S,1125000,TB
Bowers,Da'Quan,DT,963909,TB
Economos,Andrew,LS,800000,TB
Foster,Mason,ILB,696093,TB
Lewis,Myron,CB,680025,TB
Larsen,Ted,G,678400,TB
Miller,Roy,DT,630000,TB
Stocker,Luke,TE,628172,TB
Zuttah,Jeremy,C,604750,TB
Williams,Mike,WR,582063,TB
Lorig,Erik,FB,577500,TB
Black,Ahmad,S,556685,TB
Johnson,George,DE,540000,TB
Bradford,Allen,ILB,534525,TB
Okam,Frank,DT,525000,TB
Gaitor,Anthony,CB,523404,TB
Watson,Dekoda,OLB,500455,TB
Asante,Larry,S,489715,TB
Johnson,Josh,QB,481875,TB
Bennett,Michael,DE,480000,TB
Briscoe,Dezmon,WR,473125,TB
Wilson,E.J.,DE,470000,TB
Holland,Devin,S,466000,TB
Madu,Mossis,RB,465000,TB
Pianalto,Zack,TE,465000,TB
Grimm,Cody,S,464375,TB
Biggers,E.J.,CB,452600,TB
Lynch,Corey,S,451875,TB
Dotson,Demar,RT,450000,TB
Stroughter,Sammie,WR,449568,TB
Malone,Robert,P,447500,TB
Hardman,Derek,RT,447500,TB
Webber,Raymond,WR,440000,TB
Cutrera,Jacob,ILB,410000,TB
Parker,Preston,WR,362500,TB
Blount,LeGarrette,RB,362500,TB
Fitzgerald,Larry,WR,16142857,AZ
Kolb,Kevin,QB,10351333,AZ
Dockett,Darnell,DE,8825000,AZ
Wilson,Adrian,S,7300000,AZ
Rhodes,Kerry,S,6700000,AZ
Brown,Levi,LT,5799583,AZ
Bradley,Stewart,ILB,5500000,AZ
Colledge,Daryn,G,5500000,AZ
Peterson,Patrick,CB,4607375,AZ
Anderson,Derek,QB,3625000,AZ
Marshall,Richard,CB,3500000,AZ
Hadnot,Rex,G,3400000,AZ
Sendlein,Lyle,C,3250000,AZ
Heap,Todd,TE,2750000,AZ
Wells,Beanie,RB,1920000,AZ
King,Jeff,TE,1850000,AZ
Keith,Brandon,RT,1835000,AZ
Williams,Dan,DT,1797000,AZ
Feely,Jay,K,1750000,AZ
Stuckey,Chansi,WR,1750000,AZ
Womack,Floyd,G,1700000,AZ
Bridges,Jeremy,G,1633333,AZ
Porter,Joey,LB,1500000,AZ
Lenon,Paris,ILB,1500000,AZ
Williams,Ryan,RB,1251858,AZ
Lutui,Taitusi,G,1250000,AZ
Holliday,Vonnie,DT,1250000,AZ
Doucet,Early,WR,1200000,AZ
Washington,Daryl,ILB,1042500,AZ
Eason,Nick,DE,992500,AZ
Leach,Mike,LS,950000,AZ
Adams,Michael,S,892500,AZ
Campbell,Calais,DE,869875,AZ
Graham,Ben,P,850000,AZ
Zastudil,Dave,P,810000,AZ
Taylor,Chester,RB,810000,AZ
Schofield,O'Brien,OLB,765375,AZ
Housler,Robert,TE,748523,AZ
Maui'a,Reagan,RB,712500,AZ
Abdullah,Hamza,CB,685000,AZ
Batiste,D'Anthony,G,685000,AZ
Roberts,Andre,WR,667050,AZ
Acho,Sam,OLB,628607,AZ
Sherman,Anthony,FB,561725,AZ
Johnson,Rashad,S,558000,AZ
Sturdivant,Quan,ILB,538947,AZ
Carter,David,DT,535966,AZ
Skelton,John,QB,530413,AZ
Lindsey,Korey,CB,526742,AZ
Walker,Reggie,ILB,525000,AZ
Sampson,Demarco,WR,521475,AZ
Toler,Greg,CB,500333,AZ
Dray,Jim,TE,497250,AZ
Green,Marshay,CB,450000,AZ
Butler,Crezdon,CB,444667,AZ
Davis,Will,LB,416972,AZ
Stephens-Howling,LaRod,RB,406350,AZ
Coleman,Antonio,DE,405000,AZ
Talley,Ronald,DE,405000,AZ
Bartel,Richard,QB,395000,AZ
Smith,Alfonso,RB,380000,AZ
Williams,Stephen,WR,368500,AZ
Jefferson,A.J.,CB,367500,AZ
Hall,Max,QB,365000,AZ
Hawthorne,David,OLB,13800000,SEA
Trufant,Marcus,CB,8366667,SEA
Rice,Sidney,WR,8200000,SEA
Okung,Russell,LT,8083333,SEA
Miller,Zach,TE,6800000,SEA
Mebane,Brandon,DT,5000000,SEA
Gallery,Robert,T,5000000,SEA
Jackson,Tarvaris,QB,4000000,SEA
Whitehurst,Charlie,QB,4000000,SEA
Lynch,Marshawn,RB,3813000,SEA
Thomas,Earl,S,3660000,SEA
Branch,Alan,DE,3500000,SEA
Washington,Leon,RB,3125000,SEA
Williams,Mike,WR,2883333,SEA
Farwell,Heath,ILB,2583333,SEA
Clemons,Chris,DE,2520000,SEA
Obomanu,Ben,WR,2300000,SEA
Carpenter,James,G,1910376,SEA
Ryan,Jon,P,1516667,SEA
Robinson,Michael,FB,1350000,SEA
Polumbus,Tyler,RT,1200000,SEA
Carlson,John,TE,1130063,SEA
Unger,Max,C,926500,SEA
Babineaux,Jordan,S,860000,SEA
Tate,Golden,WR,852875,SEA
Sims,Ryan,DT,835000,SEA
Hill,Leroy,LB,835000,SEA
Moffitt,John,G,723750,SEA
McCoy,Matt,LB,710000,SEA
McQuistan,Paul,LT,685000,SEA
Bigby,Atari,S,685000,SEA
Barbre,Allen,RT,670000,SEA
White,Chris,C,640000,SEA
Wright,K.J.,OLB,631500,SEA
Thurmond,Walter,CB,610875,SEA
Butler,Deon,WR,607688,SEA
Cox,Kennard,CB,600000,SEA
Sherman,Richard,CB,555606,SEA
Woods,Al,DE,540000,SEA
Maxwell,Byron,CB,538363,SEA
Bryant,Red,DE,536625,SEA
Smith,Malcolm,OLB,521475,SEA
McCoy,Anthony,TE,511213,SEA
Chancellor,Kam,S,500903,SEA
Lewis,Roy,CB,480000,SEA
Giacomini,Breno,RT,471041,SEA
Baldwin,Doug,WR,470833,SEA
Johnson,Jeron,S,470000,SEA
Lockette,Ricardo,WR,465000,SEA
Jeanpierre,Lemuel,C,465000,SEA
Morgan,Michael,OLB,465000,SEA
Davis,Dexter,DE,459399,SEA
Fanaika,Paul,G,453625,SEA
Gibson,Mike,C,450603,SEA
Morrah,Cameron,TE,447638,SEA
Konz,Jameson,OLB,440000,SEA
Forsett,Justin,RB,437750,SEA
Maragos,Chris,S,435000,SEA
Browner,Brandon,CB,415000,SEA
Gresham,Clint,LS,407667,SEA
Pawelek,Joe,LB,391250,SEA
McDonald,Clinton,DT,320000,SEA
Willis,Patrick,ILB,10000000,SF
Smith,Justin,DE,7500000,SF
Staley,Joe,LT,7441667,SF
Davis,Vernon,TE,7350000,SF
Gore,Frank,RB,6404183,SF
Crabtree,Michael,WR,5333333,SF
Davis,Anthony,RT,5300000,SF
Smith,Alex,QB,4900000,SF
Rogers,Carlos,CB,4250000,SF
McDonald,Ray,DT,4020000,SF
Sopoaga,Isaac,DT,4000000,SF
Whitner,Donte,S,3883333,SF
Goodwin,Jonathan,C,3633333,SF
Smith,Aldon,OLB,3595999,SF
GinnJr.,Ted,WR,3405417,SF
Spencer,Shawntae,CB,3404167,SF
Brown,Tarell,CB,3037501,SF
Iupati,Mike,G,3022125,SF
Akers,David,K,3000000,SF
Haralson,Parys,OLB,3000000,SF
Snyder,Adam,G,2625000,SF
Brooks,Ahmad,OLB,2125000,SF
Goldson,Dashon,S,2000000,SF
Norris,Moran,RB,1666667,SF
Boone,Alex,G,1635000,SF
Kaepernick,Colin,QB,1281074,SF
Lee,Andy,P,1183333,SF
Jennings,Brian,LS,1060833,SF
Williams,Madieu,S,1050000,SF
Edwards,Braylon,WR,1000000,SF
Rachal,Chilo,G,878500,SF
Walker,Delanie,TE,875000,SF
Wragge,Tony,G,840000,SF
McCown,Josh,QB,810000,SF
Costanzo,Blake,OLB,750000,SF
Gooden,Tavares,ILB,750000,SF
Culliver,Chris,CB,659719,SF
Bowman,Navorro,ILB,623062,SF
Smith,Reggie,S,622250,SF
Hunter,Kendall,RB,619750,SF
Grant,Larry,LB,600000,SF
Applewhite,Antwan,DE,600000,SF
Kilgore,Daniel,C,550075,SF
Jones,Colin,S,534747,SF
Miller,Bruce,FB,525613,SF
Spillman,C.J.,S,525000,SF
Person,Michael,RT,521475,SF
Holcomb,Curtis,CB,521475,SF
Dixon,Anthony,RB,515150,SF
Byham,Nate,TE,474000,SF
Tolzien,Scott,QB,469333,SF
Dobbs,Demarcus,DE,469167,SF
Williams,Kyle,WR,467338,SF
Williams,Ian,DT,465000,SF
Morgan,Josh,WR,452875,SF
JeanFrancois,Ricky,DE,448250,SF
Hastings,Joe,WR,415000,SF
Swain,Brett,WR,370584,SF
Brock,Tramaine,CB,362750,SF
Tukuafu,Will,FB,362500,SF
Nelms,Cory,S,96900,SF
Matthews,John,WR,96900,SF
Simmons,Monte,OLB,96900,SF
Johnson,Ian,RB,96900,SF
Hall,Derek,T,96900,SF
Beeler,Chase,C,96900,SF