Last Name,First Name,Position,Average Salary,Team
Williams,Mario,DE,16000000,BUF
Fitzpatrick,Ryan,QB,9833333,BUF
Williams,Kyle,DT,7287500,BUF
Johnson,Stevie,WR,7250000,BUF
Kelsay,Chris,DE,7050000,BUF
Anderson,Mark,DE,5250000,BUF
Spiller,C.J.,RB,5134417,BUF
Dareus,Marcell,DT,5101825,BUF
Jackson,Fred,RB,4350000,BUF
Jackson,Tarvaris,QB,4000000,BUF
McKelvin,Leodis,CB,3880000,BUF
Barnett,Nick,ILB,3833333,BUF
Smith,Brad,WR,3687500,BUF
Johnson,Spencer,DT,3500000,BUF
Pears,Erik,G,3100000,BUF
Gilmore,Stephon,CB,3021038,BUF
Thigpen,Tyler,QB,3000000,BUF
Wilson,George,S,2950000,BUF
Lindell,Rian,K,2750000,BUF
Chandler,Scott,TE,2725000,BUF
McGee,Terrence,CB,2015000,BUF
Wood,Eric,C,1867000,BUF
Williams,Aaron,S,1314787,BUF
Urbik,Kraig,G,1260000,BUF
Rinehart,Chad,G,1260000,BUF
McIntyre,Corey,FB,1250250,BUF
Morrison,Kirk,LB,1250000,BUF
Glenn,Cordy,LT,1216295,BUF
Troup,Torell,DT,1152500,BUF
Sanborn,Garrison,LS,1071667,BUF
Byrd,Jairus,S,1037500,BUF
Levitre,Andy,G,890000,BUF
Scott,Bryan,OLB,825000,BUF
Graham,T.J.,WR,725313,BUF
Carrington,Alex,DE,701000,BUF
Martin,Ruvell,WR,700000,BUF
Choice,Tashard,RB,700000,BUF
Merriman,Shawne,LB,700000,BUF
Bradham,Nigel,OLB,641065,BUF
Searcy,Da'Norris,S,631106,BUF
Dotson,Lionel,DE,627500,BUF
Brooks,Ron,CB,625135,BUF
Moats,Arthur,OLB,618750,BUF
Hairston,Chris,LT,613977,BUF
Scott,Chris,G,585000,BUF
Welch,Thomas,RT,585000,BUF
Sanders,Zebrie,RT,574625,BUF
Smith,Lee,TE,574571,BUF
Butler,Crezdon,CB,555000,BUF
Heath,T.J.,CB,555000,BUF
White,Chris,ILB,540150,BUF
Potter,John,K,536474,BUF
Easley,Marcus,WR,533333,BUF
Moore,Kyle,DE,532500,BUF
Rogers,Justin,CB,526875,BUF
Snow,David,G,525000,BUF
Young,Sam,RT,512625,BUF
Sheppard,Kelvin,ILB,511842,BUF
Silva,Mana,S,510000,BUF
Powell,Shawn,P,481000,BUF
Howell,Delano,S,481000,BUF
Elliott,Kevin,WR,480000,BUF
Williams,Keith,G,480000,BUF
Caussin,Mike,TE,472500,BUF
Dickerson,Dorin,TE,465000,BUF
Brown,Colin,G,446000,BUF
Hogan,Chris,WR,435000,BUF
Ross,Jay,DT,435000,BUF
Jones,Donald,WR,408333,BUF
Nelson,David,WR,405000,BUF
Long,Jake,LT,11550000,MIA
Dansby,Karlos,ILB,8420000,MIA
Wake,Cameron,DE,6640000,MIA
Soliai,Paul,DT,6000000,MIA
Marshall,Richard,CB,5333333,MIA
Burnett,Kevin,OLB,5250000,MIA
Bush,Reggie,RB,4875000,MIA
Incognito,Richie,G,4300000,MIA
Starks,Randy,DT,4010000,MIA
Fields,Brandon,P,3325029,MIA
Tannehill,Ryan,QB,3167211,MIA
McDaniel,Tony,DT,3000000,MIA
Fasano,Anthony,TE,2925333,MIA
Odrick,Jared,DT,2614388,MIA
Moore,Matt,QB,2512500,MIA
Pouncey,Mike,C,2314924,MIA
Bess,Davone,WR,2257500,MIA
Carpenter,Dan,K,2000000,MIA
Murtha,Lydon,T,1927000,MIA
Hicks,Artis,G,1500000,MIA
Garner,Nate,RT,1325000,MIA
Martin,Jonathan,RT,1196067,MIA
Trusnik,Jason,ILB,1190000,MIA
Misi,Koa,ILB,1166226,MIA
Gaffney,Jabar,WR,925000,MIA
Steinbach,Eric,G,825000,MIA
Thomas,Daniel,RB,809097,MIA
Smith,Sean,CB,779000,MIA
Denney,John,LS,757500,MIA
Vernon,Olivier,DE,712020,MIA
Culver,Tyrone,S,700000,MIA
Egnew,Michael,TE,694114,MIA
Jerry,John,G,662125,MIA
Miller,Lamar,RB,646500,MIA
Hartline,Brian,WR,563744,MIA
Randall,Kheeston,DT,540612,MIA
Mastrud,Jeron,TE,540000,MIA
McCann,Bryan,CB,540000,MIA
Feinga,Ray,G,540000,MIA
Spitler,Austin,ILB,540000,MIA
Stanford,R.J.,CB,540000,MIA
Matthews,Rishard,WR,538403,MIA
Clay,Charles,TE,538000,MIA
Wilson,Jimmy,S,521475,MIA
Mahaffey,Ryan,RB,510000,MIA
Carroll,Nolan,CB,496875,MIA
Jones,Reshad,S,487575,MIA
Shelby,Derrick,DE,483333,MIA
Fuller,Jeff,WR,482500,MIA
Thigpen,Marcus,RB,482500,MIA
McDonald,Andrew,RT,481500,MIA
Gray,Jonas,RB,481333,MIA
Samuda,Josh,C,480000,MIA
Presely,De'Andre,CB,480000,MIA
Miller,Kyle,TE,480000,MIA
Lane,Jorvorskie,FB,480000,MIA
Clemons,Chris,S,478125,MIA
Yeatman,Will,LT,467333,MIA
Freeny,Jonathan,OLB,466333,MIA
Durand,Ryan,G,465000,MIA
Lawrence,Quinten,WR,465000,MIA
McCray,Kelcie,S,458333,MIA
Russell,Anderson,S,435000,MIA
Kaddu,Josh,OLB,435000,MIA
Devlin,Pat,QB,420000,MIA
Burden,Chandler,C,420000,MIA
Binns,Armon,WR,415000,MIA
Amaya,Jonathon,S,408333,MIA
Moore,Marlon,WR,406667,MIA
Edds,A.J.,OLB,238500,MIA
Brady,Tom,QB,15700000,NE
Welker,Wes,WR,9515000,NE
Gronkowski,Rob,TE,9000000,NE
Mankins,Logan,G,8500000,NE
Wilfork,Vince,DT,8000000,NE
Mayo,Jerod,ILB,7121429,NE
Hernandez,Aaron,TE,5654571,NE
Lloyd,Brandon,WR,4000000,NE
Connolly,Dan,G,3250000,NE
Gostkowski,Stephen,K,3151800,NE
Love,Kyle,DT,3090000,NE
Bodden,Leigh,CB,3000000,NE
Talib,Aqib,CB,2800000,NE
Ninkovich,Rob,OLB,2700000,NE
Gregory,Steve,S,2350000,NE
Solder,Nate,LT,2135123,NE
Jones,Chandler,DE,2043138,NE
McCourty,Devin,S,2000000,NE
Banta-Cain,Tully,LB,2000000,NE
Hightower,Dont'a,ILB,1931001,NE
Slater,Matthew,WR,1800000,NE
Fells,Daniel,TE,1666667,NE
Waters,Brian,G,1500000,NE
Barrett,Josh,S,1470000,NE
Dowling,Ras-I,CB,1326025,NE
Branch,Deion,WR,1325000,NE
Chung,Patrick,S,1250000,NE
Shiancoe,Visanthe,TE,1200000,NE
Scott,Trevor,DE,1150000,NE
Brace,Ron,DT,1108750,NE
Wilson,Tavon,S,1052096,NE
Allen,Will,S,1000000,NE
Arrington,Kyle,CB,937500,NE
Cunningham,Jermaine,DE,908750,NE
Koutouvides,Niko,ILB,898120,NE
White,Tracy,LB,890000,NE
Stallworth,Donte,WR,875000,NE
Vereen,Shane,RB,865288,NE
Larsen,Spencer,RB,850000,NE
Woodhead,Danny,RB,837500,NE
Wendell,Ryan,C,830000,NE
Stallworth,Donte,WR,825000,NE
Spikes,Brandon,ILB,800000,NE
Vollmer,Sebastian,RT,776250,NE
Thomas,Donald,G,750000,NE
Ridley,Stevan,RB,738375,NE
Mallett,Ryan,QB,736957,NE
Martin,Derrick,CB,700000,NE
Richard,Jamey,G,700000,NE
Bequette,Jake,DE,664950,NE
Cole,Marquice,CB,650000,NE
Harrison,Marcus,DT,623120,NE
Cannon,Marcus,G,584547,NE
Ebner,Nate,S,549150,NE
McDonald,Nick,C,540000,NE
Ballard,Jake,TE,540000,NE
Hoomanawanui,Michael,TE,540000,NE
Dennard,Alfonzo,CB,539462,NE
Mesko,Zoltan,P,494313,NE
Bolden,Brandon,RB,484584,NE
Zusevics,Markus,RT,484333,NE
Forston,Marcus,DT,483333,NE
Francis,Justin,DE,481667,NE
Herman,Brad,TE,480833,NE
Aiken,Kamar,WR,472500,NE
Hix,Kyle,T,468000,NE
Aiken,Danny,LS,465833,NE
Develin,James,FB,465000,NE
Tarpinian,Jeff,OLB,465000,NE
Deaderick,Brandon,DT,457575,NE
Pryor,Myron,DT,457250,NE
Wright,Mike,DT,450000,NE
Edelman,Julian,WR,449675,NE
Williams,Malcolm,CB,435000,NE
Rivera,Mike,OLB,435000,NE
Fletcher,Dane,ILB,408333,NE
Hartline,Mike,QB,390000,NE
Carter,Markell,DE,70539,NE
Sanchez,Mark,QB,13491667,NYJ
Revis,Darrelle,CB,11500000,NYJ
Ferguson,D'Brickashaw,LT,10000000,NYJ
Harris,David,ILB,9000000,NYJ
Holmes,Santonio,WR,9000000,NYJ
Scott,Bart,LB,8000000,NYJ
Cromartie,Antonio,CB,8000000,NYJ
Mangold,Nick,C,7725000,NYJ
Smith,Jason,LT,7225000,NYJ
Pace,Calvin,OLB,7000000,NYJ
Pouha,Sione,DT,5000000,NYJ
Moore,Brandon,G,4000000,NYJ
Landry,LaRon,S,3500000,NYJ
Smith,Eric,S,2500000,NYJ
Keller,Dustin,TE,2350000,NYJ
Tebow,Tim,QB,2250000,NYJ
Coples,Quinton,OLB,2200699,NYJ
Wilson,Kyle,CB,1981000,NYJ
Wilkerson,Muhammad,DE,1718750,NYJ
DeVito,Mike,DE,1646250,NYJ
Bell,Yeremiah,S,1400000,NYJ
Stanton,Drew,QB,1225000,NYJ
Hill,Stephen,WR,1178086,NYJ
Maybin,Aaron,OLB,1015000,NYJ
Thomas,Bryan,LB,990000,NYJ
Schilens,Chaz,WR,765000,NYJ
Folk,Nick,K,765000,NYJ
Ducasse,Vladimir,G,741250,NYJ
Davis,Demario,ILB,704490,NYJ
Heyer,Stephon,T,700000,NYJ
Willis,Ray,T,700000,NYJ
Hilliard,Lex,RB,665000,NYJ
Greene,Shonn,RB,663750,NYJ
Ellis,Kenrick,DT,655625,NYJ
Gates,Clyde,WR,634750,NYJ
Bell,Kahlil,RB,615000,NYJ
Powell,Bilal,RB,610125,NYJ
Lankster,Ellis,CB,585000,NYJ
McKnight,Joe,RB,572750,NYJ
Berry,Aaron,CB,557500,NYJ
Malone,Robert,P,556667,NYJ
Kerley,Jeremy,WR,556063,NYJ
Bush,Josh,S,551000,NYJ
McElroy,Greg,QB,526288,NYJ
Allen,Antonio,CB,525000,NYJ
Schlauderaff,Caleb,C,510000,NYJ
Gilyard,Mardy,WR,510000,NYJ
Smith,Hayden,TE,484667,NYJ
Dowtin,Marcus,OLB,482333,NYJ
Harrison,Damon,DT,482333,NYJ
Fletcher,Donnie,S,482333,NYJ
Adams,Royce,CB,480000,NYJ
Grimes,Johnathan,RB,480000,NYJ
McIntyre,Garrett,OLB,470000,NYJ
Baker,Josh,TE,467333,NYJ
Bellore,Nick,ILB,467333,NYJ
Reuland,Konrad,TE,465333,NYJ
Epps,Dedrick,TE,465000,NYJ
Smith,DeAngelo,CB,465000,NYJ
Slauson,Matt,G,462550,NYJ
Posey,Julian,CB,435000,NYJ
Trufant,Isaiah,CB,420000,NYJ
Cumberland,Jeff,TE,405667,NYJ
Mauga,Josh,ILB,405000,NYJ
Purdum,Tanner,LS,405000,NYJ
Griffin,John,RB,397500,NYJ
Walls,Darrin,CB,390000,NYJ
Baltz,Travis,PR,390000,NYJ
White,Jordan,WR,390000,NYJ
Cosby,DeMarco,TE,390000,NYJ
Muir,Daniel,DT,381176,NYJ
Howard,Austin,RT,353472,NYJ
Sapp,Ricky,OLB,297353,NYJ
McKnight,Scotty,WR,36750,NYJ
Jones,Eddie,LB,4667,NYJ
Smith,Courtney,WR,4667,NYJ
Landor,Byron,CB,4667,NYJ
Morgan,Davon,CB,4667,NYJ
Taylor,Zane,C,4667,NYJ
Ngata,Haloti,DT,12131000,BAL
Suggs,Terrell,OLB,10416667,BAL
Webb,Lardarius,CB,8333333,BAL
Boldin,Anquan,WR,8333333,BAL
Rice,Ray,RB,7000000,BAL
Yanda,Marshal,G,6400000,BAL
Lewis,Ray,LB,6357143,BAL
Flacco,Joe,QB,5950000,BAL
Reed,Ed,S,5726429,BAL
McClain,Jameel,ILB,5250000,BAL
Kemoeatu,Maake,DT,4600000,BAL
Leach,Vonta,FB,3666667,BAL
Jones,Jacoby,WR,3250000,BAL
Birk,Matt,C,2841667,BAL
Oher,Michael,LT,2699000,BAL
Pollard,Bernard,S,2562500,BAL
McKinnie,Bryant,LT,2500000,BAL
Koch,Sam,P,2500000,BAL
Graham,Corey,CB,1975000,BAL
Ellerbe,Dannell,OLB,1927000,BAL
Williams,Cary,CB,1927000,BAL
Smith,Jimmy,CB,1865425,BAL
Williams,Bobbie,G,1462500,BAL
Upshaw,Courtney,OLB,1324175,BAL
McBean,Ryan,DE,1214286,BAL
Ayanbadejo,Brendon,LB,1073333,BAL
Bajema,Billy,TE,890000,BAL
Considine,Sean,S,890000,BAL
Smith,Torrey,WR,847308,BAL
Osemele,Kelechi,G,836468,BAL
Johnson,Chris,CB,825000,BAL
Kemoeatu,Maake,DT,825000,BAL
Kruger,Paul,OLB,812500,BAL
Cody,Terrence,DT,765000,BAL
Ihedigbo,James,S,765000,BAL
Brown,Ricky,LB,700000,BAL
Blackstock,Darryl,LB,700000,BAL
Pierce,Bernard,RB,663986,BAL
Reid,Jah,G,650810,BAL
Gradkowski,Gino,C,646106,BAL
Dickson,Ed,TE,625833,BAL
Glenn,Cody,LB,615000,BAL
Doss,Tandon,WR,613140,BAL
Thompson,Christian,S,600146,BAL
Jackson,Asa,CB,561140,BAL
Streeter,Tommy,WR,548513,BAL
Brown,Chykie,CB,546140,BAL
McPhee,Pernell,OLB,546140,BAL
Cox,Morgan,LS,540000,BAL
Tyson,Deangelo,DE,536898,BAL
Taylor,Tyrod,QB,536327,BAL
Pitta,Dennis,TE,528667,BAL
Allen,Anthony,RB,522750,BAL
Thompson,Deonte,WR,481333,BAL
Rainey,Bobby,RB,480500,BAL
Tucker,Justin,K,480000,BAL
McAdoo,Michael,LB,466667,BAL
Williams,LaQuan,WR,465167,BAL
Allen,Anthony,RB,465000,BAL
McClellan,Albert,ILB,465000,BAL
Kindle,Sergio,LB,465000,BAL
Reed,David,WR,449633,BAL
Jones,Arthur,DT,449527,BAL
Harewood,Ramon,G,429724,BAL
Cook,Emanuel,CB,405000,BAL
Brown,Omar,S,390000,BAL
Hall,Bryan,ILB,390000,BAL
Hamilton,Adrian,OLB,390000,BAL
Bynes,Josh,ILB,390000,BAL
Barbieri,Howard,G,390000,BAL
Berry,Damien,RB,390000,BAL
Levine,Anthony,S,390000,BAL
Bradley,Rodney,WR,390000,BAL
Williams,Chavis,LB,375000,BAL
Whitworth,Andrew,LT,9762500,CIN
Hall,Leon,CB,9750000,CIN
Smith,Andre,RT,7000000,CIN
Geathers,Robert,DE,5625000,CIN
Peko,Domata,DT,5553000,CIN
Clements,Nate,CB,5250000,CIN
Green,A.J.,WR,4922025,CIN
Nelson,Reggie,S,4500000,CIN
Allen,Jason,CB,4100000,CIN
Cook,Kyle,C,3500000,CIN
Wharton,Travelle,G,3258333,CIN
Green-Ellis,BenJarvus,RB,3000000,CIN
Gresham,Jermaine,TE,2819000,CIN
Anderson,Jamaal,DE,2750000,CIN
Nugent,Mike,K,2654000,CIN
Howard,Thomas,LB,2500000,CIN
Kirkpatrick,Dre,CB,2155699,CIN
Lawson,Manny,OLB,2100000,CIN
Gradkowski,Bruce,QB,2000000,CIN
Zeitler,Kevin,G,1886050,CIN
Collins,Anthony,LT,1575000,CIN
Sims,Pat,DT,1390000,CIN
Dalton,Andy,QB,1303550,CIN
Harris,Clark,LS,1260000,CIN
Skuta,Dan,OLB,1260000,CIN
Maualuga,Rey,ILB,1177750,CIN
Mays,Taylor,S,1015000,CIN
Leonard,Brian,RB,1000000,CIN
Jones,Adam-Pacman,CB,950000,CIN
Still,Devon,DT,942101,CIN
Dunlap,Carlos,DE,929950,CIN
Bell,Jacob,G,890000,CIN
Brown,Josh,K,825000,CIN
Crocker,Chris,S,825000,CIN
Newman,Terence,CB,825000,CIN
Atkins,Geno,DT,801363,CIN
Roland,Dennis,RT,765000,CIN
Pressley,Chris,FB,757500,CIN
Moch,Dontay,DE,755416,CIN
Gilberry,Wallace,DE,700000,CIN
Sanu,Mohamed,WR,678313,CIN
Thompson,Brandon,DT,672800,CIN
Quinn,Richard,TE,670000,CIN
Johnson,Michael,DE,653255,CIN
Charles,Orson,FB,632325,CIN
Boling,Clint,G,628112,CIN
Tate,Brandon,WR,626250,CIN
Ghee,Brandon,CB,610775,CIN
Conner,John,FB,585000,CIN
Jones,Marvin,WR,565700,CIN
Iloka,George,S,565075,CIN
Sands,Robert,S,562500,CIN
Prater,Shaun,CB,553000,CIN
Whalen,Ryan,WR,541279,CIN
Peerman,Cedric,RB,540000,CIN
Miles,Jeromy,S,540000,CIN
Murray,Rico,CB,540000,CIN
Huber,Kevin,P,486250,CIN
Rogers,Taveon,CB,483333,CIN
Robinson,Trevor,C,482000,CIN
Joiner,Brandon,OLB,481000,CIN
Burfict,Vontaze,OLB,480333,CIN
Dye,Tony,S,480333,CIN
Herron,Dan,RB,480000,CIN
Lamur,Emmanuel,OLB,480000,CIN
Sanzenbacher,Dane,WR,468333,CIN
Hawkins,Andrew,WR,465000,CIN
Scott,Bernard,RB,456878,CIN
Rey,Vincent,OLB,436667,CIN
Lewis-Harris,Chris,CB,430000,CIN
Riley,Chris,G,390000,CIN
Thomas,Joe,LT,11500000,CLE
Haden,Joe,CB,8011348,CLE
Jackson,D'Qwell,ILB,7700000,CLE
Rubin,Ahtyba,DT,6625000,CLE
Patterson,Dimitri,CB,5350000,CLE
Cribbs,Joshua,WR,5165333,CLE
Richardson,Trent,RB,5122449,CLE
Brown,Sheldon,CB,5083333,CLE
Fujita,Scott,LB,4666667,CLE
Gocong,Chris,LB,4200000,CLE
Rucker,Frostee,DT,4100000,CLE
Watson,Benjamin,TE,4000000,CLE
Dawson,Phil,K,3810000,CLE
Parker,Juqua,DE,3000000,CLE
Mack,Alex,C,2920000,CLE
Jackson,Brandon,RB,2250000,CLE
Taylor,Phil,DE,2023313,CLE
Weeden,Brandon,QB,2020359,CLE
Young,Usama,S,1966667,CLE
Gordon,Josh,WR,1335412,CLE
Schwartz,Mitchell,RT,1292710,CLE
Sheard,Jabaal,OLB,1272563,CLE
Ward,T.J.,S,1272000,CLE
McCoy,Colt,QB,1240000,CLE
Hodges,Reggie,P,978333,CLE
Massaquoi,Mohamed,WR,908926,CLE
Smith,Alex,TE,850000,CLE
Little,Greg,WR,831875,CLE
Lauvao,Shawn,G,825000,CLE
Cousins,Oniel,G,800000,CLE
Ventrone,Raymond,S,750000,CLE
Hardesty,Montario,RB,711250,CLE
Greco,John,G,700000,CLE
Johnson,Josh,QB,700000,CLE
Hughes,John,DE,661035,CLE
Benjamin,Travis,WR,644250,CLE
Cameron,Jordan,TE,629350,CLE
Johnson,James-Michael,ILB,628977,CLE
Marecic,Owen,FB,612000,CLE
Lewis,Thaddeus,QB,600000,CLE
Sanford,Brian,DE,585000,CLE
Pinkston,Jason,G,570000,CLE
Cooper,Josh,WR,570000,CLE
Miller,Ryan,RT,569633,CLE
Maiava,Kaluka,ILB,566250,CLE
Skrine,Buster,CB,560500,CLE
Winn,Billy,DE,544670,CLE
Ogbonnaya,Chris,RB,540000,CLE
Gronkowski,Dan,TE,540000,CLE
Williams,Eddie,RB,540000,CLE
Daniels,Stanley,G,540000,CLE
Wade,Trevin,CB,536474,CLE
Acho,Emmanuel,ILB,525920,CLE
Carder,Tank,ILB,525000,CLE
Hagg,Eric,S,520100,CLE
Moten,Adrian,LB,510000,CLE
Bademosi,Johnson,S,480833,CLE
Gipson,Tashaun,S,480500,CLE
Cameron,Ronnie,DE,480000,CLE
Kitchen,Ishmaa'ily,DT,480000,CLE
Fort,L.J.,ILB,480000,CLE
Davis,Hall,DE,472500,CLE
Norwood,Jordan,WR,465000,CLE
English,Auston,DT,465000,CLE
Shaw,Jarrod,C,435000,CLE
Smelley,Brad,TE,435000,CLE
Miller,Prince,CB,435000,CLE
Robertson,Craig,ILB,435000,CLE
Stephens,Emmanuel,DE,395000,CLE
Yount,Christian,LS,390000,CLE
Alford,Dominic,RT,390000,CLE
Mcgee,Richmond,P,382500,CLE
Roethlisberger,Ben,QB,14664417,PIT
Woodley,LaMarr,OLB,10250000,PIT
Polamalu,Troy,S,9866667,PIT
Timmons,Lawrence,ILB,9559150,PIT
Harrison,James,OLB,8625000,PIT
Brown,Antonio,WR,8392000,PIT
Hampton,Casey,DT,7100000,PIT
Taylor,Ike,CB,7000000,PIT
Miller,Heath,TE,6750000,PIT
Colon,Willie,G,5800000,PIT
Keisel,Brett,DE,3900000,PIT
Clark,Ryan,S,3500000,PIT
Foote,Larry,ILB,3100000,PIT
Pouncey,Maurkice,C,2961450,PIT
Wallace,Mike,WR,2742000,PIT
Mendenhall,Rashard,RB,2201000,PIT
Suisham,Shaun,K,2116667,PIT
DeCastro,David,G,1953475,PIT
Hood,Evander,DE,1774000,PIT
Heyward,Cameron,DE,1676257,PIT
Cotchery,Jerricho,WR,1500000,PIT
Allen,Will,S,1498333,PIT
Johnson,David,FB,1260000,PIT
Foster,Ramon,G,1260000,PIT
Legursky,Doug,C,1260000,PIT
Lewis,Keenan,CB,1260000,PIT
Mundy,Ryan,S,1260000,PIT
Farrior,James,LB,1000000,PIT
Batch,Charlie,QB,990000,PIT
Worilds,Jason,OLB,956250,PIT
Burress,Plaxico,WR,925000,PIT
Starks,Max,LT,890000,PIT
Adams,Mike,LT,885913,PIT
Smith,Aaron,DE,875000,PIT
Warren,Greg,LS,855000,PIT
Leftwich,Byron,QB,825000,PIT
Gilbert,Marcus,RT,806854,PIT
Johnson,Brandon,LB,700000,PIT
Spence,Sean,ILB,676345,PIT
Ta'amu,Alameda,DT,641328,PIT
Brown,Curtis,CB,640300,PIT
King,Justin,CB,615000,PIT
Allen,Cortez,CB,607875,PIT
Sanders,Emmanuel,WR,600333,PIT
Rainey,Chris,RB,570413,PIT
Carter,Chris,OLB,550700,PIT
McLendon,Steve,DT,540000,PIT
Redman,Issac,RB,540000,PIT
Woods,Al,DE,540000,PIT
Paulson,David,TE,536474,PIT
Beachum,Kelvin,LT,536474,PIT
Smith,Troy,QB,525000,PIT
Golden,Robert,S,481667,PIT
Lindsey,Brandon,LB,481333,PIT
Ressel,Grant,K,480833,PIT
Johnson,Will,FB,480000,PIT
Butler,Drew,P,480000,PIT
Robinson,Adrian,OLB,480000,PIT
Fangupo,Hebron,DT,468750,PIT
VanDyke,DeMarcus,CB,465000,PIT
Batch,Baron,RB,465000,PIT
Cromartie-Smith,Da'Mon,S,465000,PIT
McFadden,Marshall,ILB,450000,PIT
Sylvester,Stevenson,ILB,443853,PIT
Malecki,John,C,435000,PIT
McCoy,Jamie,TE,435000,PIT
Ta'amu,Alameda,DT,435000,PIT
Gilreath,David,WR,435000,PIT
Dwyer,Jonathan,RB,432800,PIT
Lyons,Wes,WR,390000,PIT
Turner,Trevis,T,390000,PIT
McFadden,Bryant,CB,166667,PIT
Schaub,Matt,QB,15500000,HOU
Joseph,Johnathan,CB,9750000,HOU
Johnson,Andre,WR,9685714,HOU
Brown,Duane,LT,8900000,HOU
Foster,Arian,RB,8700000,HOU
Smith,Antonio,DE,7100000,HOU
Myers,Chris,C,6250000,HOU
Daniels,Owen,TE,5421875,HOU
Manning,Danieal,S,5000000,HOU
Walter,Kevin,WR,4300000,HOU
Cushing,Brian,ILB,3180000,HOU
Smith,Wade,G,3000000,HOU
Cody,Shaun,DT,2875000,HOU
Watt,J.J.,DE,2809375,HOU
Jackson,Kareem,CB,2704000,HOU
Mercilus,Whitney,OLB,1908522,HOU
Butler,Rashad,LT,1900000,HOU
Reed,Brooks,OLB,1175441,HOU
Barwin,Connor,OLB,1002500,HOU
Graham,Shayne,K,990000,HOU
James,Bradie,LB,890000,HOU
Jones,Donnie,P,890000,HOU
Ruud,Barrett,LB,825000,HOU
Fox,Keyaron,ILB,825000,HOU
Routt,Stanford,CB,825000,HOU
Harris,Brandon,CB,824832,HOU
Posey,DeVier,WR,740523,HOU
Tate,Ben,RB,730500,HOU
Weeks,Jon,LS,725000,HOU
Demps,Quintin,S,700000,HOU
Dobbins,Tim,ILB,700000,HOU
Harris,Ryan,RT,700000,HOU
Ball,Alan,CB,700000,HOU
Beck,John,QB,700000,HOU
Forsett,Justin,RB,700000,HOU
Brooks,Brandon,G,700000,HOU
Mitchell,Earl,DT,682125,HOU
Jamison,Tim,DE,667000,HOU
Jones,Ben,G,645362,HOU
Caldwell,Antoine,G,638563,HOU
Martin,Keshawn,WR,628140,HOU
Crick,Jared,DE,622875,HOU
Graham,Garrett,TE,592525,HOU
Carmichael,Rashad,CB,590522,HOU
Quin,Glover,S,560063,HOU
Keo,Shiloh,S,558000,HOU
Yates,T.J.,QB,556250,HOU
Bullock,Randy,K,550777,HOU
Gardner,Andrew,RT,540000,HOU
Newton,Derek,RT,525064,HOU
Nading,Jesse,DE,511667,HOU
McClain,Terrell,DT,510000,HOU
Casey,James,TE,483750,HOU
Menkin,Nate,G,480000,HOU
White,Cody,C,480000,HOU
Braman,Bryan,OLB,465667,HOU
Clutts,Tyler,FB,465000,HOU
McCain,Brice,CB,462938,HOU
Hunter,David,DE,453333,HOU
Nolan,Troy,S,452065,HOU
Jean,Lestar,WR,441667,HOU
Pleasant,Eddie,S,430000,HOU
Collins,Cameron,ILB,430000,HOU
Grimes,Johnathan,RB,427500,HOU
Alexander,Mister,LB,420000,HOU
Harris,Ra'Shon,DT,390000,HOU
Freeney,Dwight,OLB,12000000,IND
Mathis,Robert,OLB,9000000,IND
Bethea,Antoine,S,6500000,IND
Wayne,Reggie,WR,5833333,IND
Luck,Andrew,QB,5527000,IND
Satele,Samson,C,3600000,IND
Redding,Cory,DE,3500000,IND
Vinatieri,Adam,K,3066667,IND
Bullitt,Melvin,S,2670000,IND
Davis,Vontae,CB,2250000,IND
Brown,Donald,RB,2087000,IND
Castonzo,Anthony,LT,2000274,IND
Johnson,Antonio,DT,2000000,IND
Hughes,Jerry,DE,1950000,IND
Zbikowski,Tom,S,1895000,IND
Justice,Winston,LT,1500000,IND
Fleener,Coby,TE,1335412,IND
McGlynn,Mike,G,1325000,IND
Butler,Darius,CB,1081250,IND
Ijalana,Benjamin,LT,1011374,IND
McKinney,Brandon,DT,1000000,IND
Moala,Fili,DE,825000,IND
Moore,Mewelde,RB,825000,IND
Angerer,Patrick,ILB,822500,IND
Allen,Dwayne,TE,770076,IND
Hills,Tony,LT,700000,IND
Avery,Donnie,WR,665000,IND
Hilton,T.Y.,WR,660600,IND
Nevis,Drake,DE,658528,IND
Powers,Jerraud,CB,630875,IND
Sharpton,Darryl,ILB,618735,IND
Westerman,Jamaal,LB,617500,IND
Carter,Delone,RB,616301,IND
Heard,Kellen,DE,585000,IND
Ballard,Vick,RB,561140,IND
Saunders,Weslye,WR,555000,IND
Collie,Austin,WR,546889,IND
Brazill,LaVon,WR,544670,IND
Anderson,Justin,RT,542250,IND
Olsen,Seth,G,540000,IND
Mathews,Ricardo,DE,540000,IND
Chapman,Josh,DT,537628,IND
Guy,Lawrence,DE,525000,IND
Karim,Deji,RB,498750,IND
Conner,Kavell,ILB,496310,IND
Freeman,Jerrell,ILB,486667,IND
Brown,Sergio,S,485000,IND
Palmer,Nathan,WR,483333,IND
Sowell,Bradley,LT,483333,IND
Overton,Matt,LS,480000,IND
Shipley,A.Q.,C,480000,IND
Jones,Dominique,TE,480000,IND
Harvey,Mario,FB,480000,IND
Williams,Teddy,CB,480000,IND
Howell,Delano,S,480000,IND
Hughes,Robert,FB,480000,IND
Lefeged,Joe,S,467667,IND
Lutrus,Scott,ILB,465000,IND
McAfee,Pat,P,452000,IND
Fokou,Moise,ILB,449938,IND
Hickman,Justin,ILB,435000,IND
Whalen,Griff,WR,430500,IND
Edds,A.J.,OLB,420000,IND
Linkenbach,Jeff,G,411667,IND
Vaughn,Cassius,CB,408333,IND
Reitz,Joe,G,405000,IND
Peguese,Brandon,LB,390000,IND
Vittatoe,Trevor,QB,390000,IND
Kirkpatrick,Jake,G,390000,IND
Tevaseu,Martin,DT,386667,IND
Posluszny,Paul,ILB,7500000,JAX
Lewis,Marcedes,TE,6800000,JAX
Robinson,Laurent,WR,6500000,JAX
Jones-Drew,Maurice,RB,6220000,JAX
Babin,Jason,DE,5780000,JAX
Landry,Dawan,S,5500000,JAX
Monroe,Eugene,LT,5250000,JAX
Mincey,Jeremy,DE,5000000,JAX
Mathis,Rashean,CB,4848000,JAX
Smith,Daryl,ILB,4723333,JAX
Blackmon,Justin,WR,4628003,JAX
Alualu,Tyson,DE,4379800,JAX
Nwaneri,Uche,G,4183500,JAX
Jones,Greg,FB,3480000,JAX
Scobee,Josh,K,3450000,JAX
Lowery,Dwight,S,3400000,JAX
Henne,Chad,QB,3375000,JAX
Ross,Aaron,CB,3250000,JAX
Gabbert,Blaine,QB,3000412,JAX
Owens,Montell,FB,2600000,JAX
Meester,Brad,C,2500000,JAX
Mosley,C.J.,DT,2475000,JAX
Allen,Russell,OLB,2000000,JAX
Spitz,Jason,G,1750000,JAX
Whimper,Guy,G,1525000,JAX
Branch,Andre,DE,1272484,JAX
Middleton,William,CB,1260000,JAX
Britton,Eben,RT,1145000,JAX
Cain,Jeremy,LS,1000000,JAX
Harris,Chris,S,825000,JAX
Rackley,Will,G,728569,JAX
Anger,Bryan,P,719292,JAX
Vallos,Steve,C,700000,JAX
Molden,Antwaun,CB,700000,JAX
Stovall,Maurice,WR,700000,JAX
Smith,D'Anthony,DT,673750,JAX
Shorts,Cecil,WR,668037,JAX
Price,Taylor,WR,661145,JAX
Prosinski,Chris,S,660036,JAX
Knighton,Terrance,DT,648465,JAX
Cox,Derek,CB,645750,JAX
Stanback,Isaiah,TE,622500,JAX
Palmer,Jordan,QB,615000,JAX
Parmele,Jalen,RB,615000,JAX
Bolen,Brock,RB,615000,JAX
Cosby,Quan,WR,615000,JAX
Harris,Mike,CB,553947,JAX
Selvie,George,DE,540000,JAX
Potter,Zach,TE,540000,JAX
Pendleton,Jeris,DT,537721,JAX
Lane,Austen,DE,531049,JAX
Marshall,Brandon,OLB,525000,JAX
Rutland,Kevin,CB,510000,JAX
Todman,Jordan,RB,510000,JAX
Jones,Greg,ILB,510000,JAX
Brewster,Mike,C,483333,JAX
Veldman,Matt,TE,481667,JAX
Stanford,Julian,OLB,481667,JAX
Elliott,Kevin,WR,480000,JAX
Bradfield,Cameron,RT,466667,JAX
Toston,Keith,RB,465000,JAX
Toston,Keith,RB,465000,JAX
Vierling,Bradley,C,465000,JAX
Shipley,Jordan,WR,465000,JAX
Nowak,Drew,G,450000,JAX
Jennings,Rashad,RB,447113,JAX
Pasztor,Austin,RT,435000,JAX
Clemons,Toney,WR,435000,JAX
Ta'ufo'ou,Will,FB,435000,JAX
Murphy,Richard,RB,435000,JAX
Brackett,Brett,TE,431667,JAX
Grimes,Johnathan,RB,427500,JAX
Chick,John,DT,420000,JAX
Estes,John,C,410000,JAX
Bosworth,Kyle,OLB,409167,JAX
Armstrong,Anthony,WR,405000,JAX
Brown,Mike,WR,397500,JAX
Long,Jerome,DE,397500,JAX
Jackson,Jerrell,WR,397500,JAX
Harris,Nick,P,65000,JAX
Johnson,Chris,RB,13493750,TEN
McCourty,Jason,CB,7173333,TEN
Roos,Michael,LT,7166667,TEN
Griffin,Michael,S,7000000,TEN
Wimbley,Kamerion,OLB,7000000,TEN
Hasselbeck,Matt,QB,6666667,TEN
Hutchinson,Steve,G,5333333,TEN
Stewart,David,RT,5269000,TEN
Amano,Eugene,C,5249400,TEN
Washington,Nate,WR,4466667,TEN
Haye,Jovan,DT,4050000,TEN
Witherspoon,Will,OLB,3666667,TEN
Stevens,Craig,TE,3600000,TEN
Locker,Jake,QB,3146501,TEN
Harris,Leroy,C,3100000,TEN
Morgan,Derrick,OLB,3079002,TEN
Bironas,Rob,K,3000000,TEN
Hawkins,Lavelle,WR,2400000,TEN
Wright,Kendall,WR,2054613,TEN
Britt,Kenny,WR,1830002,TEN
Otto,Michael,LT,1600000,TEN
Babineaux,Jordan,S,1600000,TEN
Kern,Brett,P,1298125,TEN
Ball,Dave,DE,1272000,TEN
Ayers,Akeem,OLB,1231629,TEN
Shaw,Tim,OLB,1100000,TEN
Bailey,Patrick,OLB,1100000,TEN
Brown,Zach,ILB,964575,TEN
Verner,Alterraun,CB,790035,TEN
Marks,Sen'Derrick,DT,774250,TEN
Adibi,Xavier,LB,700000,TEN
Dawson,Keyunta,DE,700000,TEN
Diles,Zac,ILB,700000,TEN
Douzable,Leger,DE,700000,TEN
Lutui,Taitusi,G,700000,TEN
Casey,Jurrell,DE,683109,TEN
Martin,Mike,DE,681890,TEN
Williams,Damian,WR,652500,TEN
Sensabaugh,Coty,CB,633023,TEN
McCarthy,Colin,ILB,623850,TEN
DeVan,Kyle,G,615000,TEN
Velasco,Fernando,G,615000,TEN
Reynaud,Darius,RB,615000,TEN
Cook,Jared,TE,612500,TEN
Mouton,Ryan,CB,603438,TEN
Harper,Jamie,RB,585145,TEN
Afalava,Al,S,585000,TEN
Petrus,Mitch,G,585000,TEN
Thompson,Taylor,TE,574500,TEN
Preston,Michael,WR,570000,TEN
Klug,Karl,DT,558613,TEN
Martin,Markelle,S,550947,TEN
McRath,Gerald,LB,544031,TEN
Solomon,Scott,DE,541741,TEN
Johnson,Robert,S,540000,TEN
Stingily,Byron,RT,537625,TEN
Campbell,Tommie,CB,521474,TEN
Baldridge,Daniel,RT,510000,TEN
Evans,Darren,RB,510000,TEN
Wilson,Tracy,S,510000,TEN
Mariani,Marc,WR,499850,TEN
Brinkley,Beau,LS,486667,TEN
Johnson,Quinn,FB,485569,TEN
Harris,DaJohn,DT,480333,TEN
Smith,Rusty,QB,476056,TEN
Ringer,Javon,RB,474135,TEN
Wynn,Jarius,DE,464683,TEN
Afalava,Al,S,462650,TEN
Mooney,Collin,FB,450000,TEN
Malast,Kevin,LB,440000,TEN
Egboh,Pannel,DE,435000,TEN
Barden,Brandon,TE,435000,TEN
Ingram,Jake,DE,390000,TEN
Matthews,Kevin,C,368750,TEN
Manning,Peyton,QB,19200000,DEN
Bailey,Champ,CB,10625000,DEN
Dumervil,Elvis,OLB,10250000,DEN
Williams,D.J.,ILB,5333333,DEN
Miller,Von,OLB,5250095,DEN
Kuper,Chris,G,4668667,DEN
Mays,Joe,ILB,4000000,DEN
Porter,Tracy,CB,4000000,DEN
Clady,Ryan,LT,3500000,DEN
Moreno,Knowshon,RB,3415000,DEN
Prater,Matt,K,3250000,DEN
Dreessen,Joel,TE,2833333,DEN
Thomas,Demaryius,WR,2830100,DEN
Tamme,Jacob,TE,2708333,DEN
Ayers,Robert,DE,2600000,DEN
Woodyard,Wesley,ILB,2500000,DEN
Vickerson,Kevin,DT,2375000,DEN
McGahee,Willis,RB,2375000,DEN
Adams,Mike,S,2000000,DEN
Warren,Ty,DT,1500000,DEN
Wolfe,Derek,DE,1301700,DEN
Willis,Matt,WR,1260000,DEN
Hanie,Caleb,QB,1250000,DEN
Moore,Rahim,S,1112032,DEN
Franklin,Orlando,G,1089000,DEN
Beadles,Zane,G,1080250,DEN
Bannan,Justin,DT,1000000,DEN
Brooking,Keith,LB,1000000,DEN
Stokley,Brandon,WR,925000,DEN
Caldwell,Andre,WR,900000,DEN
Leonhard,Jim,S,890000,DEN
Osweiler,Brock,QB,879170,DEN
Walton,J.D.,C,857875,DEN
Decker,Eric,WR,828788,DEN
Koppen,Dan,C,825000,DEN
Hillman,Ronnie,RB,750208,DEN
Hester,Jacob,RB,707500,DEN
Ramirez,Manuel,C,707500,DEN
Hunter,Jason,DE,700000,DEN
Irving,Nate,ILB,683750,DEN
Bolden,Omar,CB,643607,DEN
Carter,Quinton,S,623750,DEN
Blake,Philip,G,619650,DEN
Carter,Tony,CB,615000,DEN
Jackson,Malik,DE,578403,DEN
Bruton,David,S,558100,DEN
Trevathan,Danny,OLB,551018,DEN
Ball,Lance,RB,540000,DEN
Clark,Chris,RT,540000,DEN
Colquitt,Britton,P,540000,DEN
Green,Virgil,TE,526236,DEN
Davis,C.J.,C,510000,DEN
Johnson,Steven,ILB,484000,DEN
Ihenacho,Duke,S,482833,DEN
Brewer,Aaron,LS,481333,DEN
Wuebbels,Austin,G,480667,DEN
Siliga,Sealver,DT,480000,DEN
Harris,Chris,CB,465667,DEN
Holliday,Trindon,KR,435000,DEN
Thomas,Julius,TE,420750,DEN
Unrein,Mitch,DT,415000,DEN
Gronkowski,Chris,RB,405000,DEN
Beal,Jeremy,DE,397500,DEN
Fannin,Mario,RB,393333,DEN
Hali,Tamba,OLB,11500000,KC
Jackson,Tyson,DT,10985000,KC
Cassel,Matt,QB,10500000,KC
Dorsey,Glenn,DT,10085000,KC
Bowe,Dwayne,WR,9515000,KC
Berry,Eric,S,8340717,KC
Flowers,Brandon,CB,8225000,KC
Routt,Stanford,CB,6000000,KC
Johnson,Derrick,ILB,5530000,KC
Winston,Eric,RT,5500000,KC
Charles,Jamaal,RB,4661667,KC
Breaston,Steve,WR,4510000,KC
Albert,Branden,LT,3160000,KC
Boss,Kevin,TE,3000000,KC
Poe,Dontari,DT,2830002,KC
Hillis,Peyton,RB,2800000,KC
Succop,Ryan,K,2750000,KC
Lilja,Ryan,C,2500000,KC
Belcher,Jovan,LB,1927000,KC
Baldwin,Jonathan,WR,1887901,KC
Colquitt,Dustin,P,1700000,KC
Quinn,Brady,QB,1500000,KC
Studebaker,Andy,OLB,1472500,KC
McCluster,Dexter,RB,1325000,KC
Allen,Jeff,RT,1160956,KC
Pitoitua,Ropati,DE,1150000,KC
Hochstein,Russ,G,990000,KC
Arenas,Javier,CB,949604,KC
Copper,Terrance,WR,891667,KC
Asamoah,Jon,G,886280,KC
Hudson,Rodney,C,876525,KC
Elam,Abram,S,850000,KC
Smith,Shaun,DT,825000,KC
Daniels,Travis,S,825000,KC
Moeaki,Tony,TE,817413,KC
Gafford,Thomas,LS,727500,KC
Pope,Leonard,TE,725000,KC
Lewis,Kendrick,S,709975,KC
Stephenson,Donald,RT,703125,KC
Rucker,Martin,TE,700000,KC
Siler,Brandon,LB,700000,KC
Jones,Edgar,OLB,700000,KC
Kehl,Bryan,ILB,700000,KC
Williams,Leon,LB,700000,KC
Willis,Ray,T,700000,KC
Houston,Justin,OLB,696562,KC
Greenwood,Cory,OLB,687500,KC
Bailey,Allen,DE,667736,KC
O'Connell,Jake,TE,640000,KC
Wylie,Devon,WR,638850,KC
Brown,Jalil,CB,632325,KC
Menzie,De'Quan,CB,573613,KC
Stanzi,Ricky,QB,571513,KC
Gray,Cyrus,RB,558168,KC
Maneri,Steve,TE,540000,KC
Mattison,Bryan,G,540000,KC
McCarthy,Kyle,CB,540000,KC
Powe,Jerrell,DT,535920,KC
Toribio,Anthony,DE,510000,KC
Eachus,Nate,RB,480833,KC
Heyman,Dexter,LB,480333,KC
Hartman,Tysyn,S,480000,KC
Tanney,Alex,QB,480000,KC
Hemingway,Junior,WR,455000,KC
DiMarco,Patrick,FB,435000,KC
Bellamy,Josh,WR,435000,KC
Hicks,Hayworth,G,435000,KC
Ranglin,Rich,G,435000,KC
Newsome,Jamar,WR,435000,KC
Draughn,Shaun,RB,415000,KC
Thorpe,Neiko,CB,290000,KC
Palmer,Carson,QB,10750000,OAK
McClain,Rolando,ILB,8000000,OAK
Huff,Michael,S,8000000,OAK
Heyward-Bey,Darrius,WR,7650000,OAK
Seymour,Richard,DT,7500000,OAK
Kelly,Tommy,DT,7160714,OAK
McFadden,Darren,RB,7007292,OAK
Branch,Tyvon,S,6650000,OAK
Janikowski,Sebastian,K,4000000,OAK
Lechler,Shane,P,4000000,OAK
Brisiel,Mike,G,4000000,OAK
Curry,Aaron,OLB,3300000,OAK
Bartell,Ron,CB,2912500,OAK
Barnes,Khalif,RT,2000000,OAK
Bryant,Desmond,DE,1927000,OAK
Eugene,Hiram,S,1225000,OAK
Tollefson,Dave,DE,1200000,OAK
Condo,Jon,LS,1183333,OAK
Houston,Lamarr,DE,1120000,OAK
Wisniewski,Stefen,C,1033851,OAK
Reece,Marcel,FB,981500,OAK
Mitchell,Mike,S,944500,OAK
Carlisle,Cooper,G,925000,OAK
Carter,Andre,DE,925000,OAK
Hanson,Joselio,CB,900000,OAK
Veldheer,Jared,LT,882000,OAK
Spencer,Shawntae,CB,825000,OAK
Giordano,Matt,S,825000,OAK
Ford,Jacoby,WR,787211,OAK
Leinart,Matt,QB,750000,OAK
Schmitt,Owen,FB,700000,OAK
Hagan,Derek,WR,700000,OAK
Wheeler,Philip,OLB,700000,OAK
Gaither,Omar,ILB,700000,OAK
Pryor,Terrelle,QB,686517,OAK
Lee,Pat,CB,680000,OAK
Bergstrom,Tony,G,651504,OAK
Shaughnessy,Matt,OLB,650563,OAK
Jones,Taiwan,CB,611250,OAK
Burris,Miles,ILB,600146,OAK
Francies,Coye,CB,585000,OAK
Crawford,Jack,DE,570621,OAK
Clayton,Keenan,OLB,564197,OAK
Criner,Juron,WR,561140,OAK
Goodson,Mike,RB,560500,OAK
Moore,Denarius,WR,557513,OAK
Bilukidi,Christo,DT,550966,OAK
Adams,Phillip,CB,540000,OAK
Gordon,Richard,TE,536213,OAK
Ausberry,David,TE,521475,OAK
Chekwa,Chimdi,CB,510000,OAK
Nix,Lucas,G,484167,OAK
Streater,Rod,WR,483333,OAK
Kurn,Mario,LB,480667,OAK
Goethel,Travis,LB,473250,OAK
Bair,Brandon,DT,472500,OAK
Smith,Willie,LT,470000,OAK
So'oto,Vic,OLB,468000,OAK
Calhoun,Duke,WR,465000,OAK
Myers,Brandon,TE,460250,OAK
King,Marquette,P,455333,OAK
Carswell,Brandon,WR,450000,OAK
Olawale,Jamize,FB,435000,OAK
Nelms,Cory,S,397500,OAK
Burnett,Kaelin,OLB,390000,OAK
Parsons,Alex,C,390000,OAK
Stewart,Jeremy,RB,390000,OAK
Hurd,Zach,G,390000,OAK
Cumbie,Jamie,DT,390000,OAK
Jackson,Rashawn,RB,390000,OAK
Ross,Brandian,S,390000,OAK
Rivers,Philip,QB,15300000,SD
Weddle,Eric,S,8000000,SD
Gates,Antonio,TE,7235000,SD
Meachem,Robert,WR,6475000,SD
Gaither,Jared,T,6150000,SD
Phillips,Shaun,DE,5266667,SD
McNeill,Marcus,T,5200000,SD
Clary,Jeromey,G,5000000,SD
Johnson,Jarret,OLB,4750000,SD
Mathews,Ryan,RB,4730000,SD
Jammer,Quentin,S,4546429,SD
Royal,Eddie,WR,4500000,SD
Hardwick,Nick,C,4416667,SD
Floyd,Malcom,WR,3850000,SD
Scifres,Mike,P,3625000,SD
Garay,Antonio,DE,3300000,SD
Spikes,Takeo,LB,3166667,SD
McClain,LeRon,FB,2750000,SD
English,Larry,OLB,2710000,SD
Ingram,Melvin,OLB,2099559,SD
Liuget,Corey,DE,2078936,SD
Kaeding,Nate,K,1867857,SD
Dielman,Kris,G,1700000,SD
Barnes,Antwan,OLB,1600000,SD
Cason,Antoine,CB,1556000,SD
Whitehurst,Charlie,QB,1525000,SD
McMichael,Randy,TE,1350000,SD
Dombrowski,Brandyn,G,1260000,SD
Bigby,Atari,S,1250000,SD
Brown,Everette,OLB,1075000,SD
Reyes,Kendall,DE,1031998,SD
Brown,Ronnie,RB,1000000,SD
Gilchrist,Marcus,S,988900,SD
Hadnot,Rex,G,890000,SD
Hadnot,Rex,G,890000,SD
Wells,Reggie,G,890000,SD
Franklin,Aubrayo,DT,890000,SD
Williams,Demorrio,LB,890000,SD
Butler,Donald,ILB,836625,SD
Carr,Chris,CB,825000,SD
Wells,Reggie,G,825000,SD
Mouton,Jonas,ILB,802376,SD
Thomas,Cam,DE,706075,SD
Lynch,Corey,S,700000,SD
Novak,Nick,K,700000,SD
Battle,Jackie,FB,700000,SD
Spurlock,Micheal,WR,700000,SD
Rosario,Dante,TE,700000,SD
Taylor,Brandon,S,691594,SD
Brown,Vincent,WR,656517,SD
Wright,Shareece,CB,646035,SD
Green,Ladarius,TE,637725,SD
Vasquez,Louis,G,637500,SD
Stuckey,Darrell,S,611500,SD
Troutman,Johnnie,G,572938,SD
Martin,Vaughn,DE,559000,SD
Ajirotutu,Seji,WR,540000,SD
Alexander,Danario,WR,540000,SD
Windt,Mike,LS,540000,SD
Goodman,Richard,WR,540000,SD
Green,Tyronne,G,539813,SD
Molk,David,C,538988,SD
Gachkar,Andrew,ILB,521475,SD
Schilling,Steve,G,510000,SD
Haslam,Kevin,T,510000,SD
Baxter,Colin,C,510000,SD
Bird,Bront,ILB,510000,SD
Harris,Mike,LT,481167,SD
Gatson,Greg,CB,480000,SD
Brinkley,Curtis,RB,472500,SD
Scafe,Damik,DE,430000,SD
Cattouse,Sean,S,430000,SD
Willie,Michael,WR,430000,SD
McDaniel,DeAndre,S,390000,SD
Polk,Nick,CB,390000,SD
Romo,Tony,QB,11250000,DAL
Ware,DeMarcus,DE,11142857,DAL
Carr,Brandon,CB,10020000,DAL
Spencer,Anthony,DE,8856000,DAL
Free,Doug,RT,8000000,DAL
Austin,Miles,WR,7728571,DAL
Witten,Jason,TE,7400000,DAL
Ratliff,Jay,DT,6946429,DAL
Sensabaugh,Gerald,S,4166667,DAL
Claiborne,Morris,CB,4066126,DAL
Livings,Nate,G,3740000,DAL
Orton,Kyle,QB,3500000,DAL
Connor,Dan,ILB,3250000,DAL
Smith,Tyron,LT,3124025,DAL
Spears,Marcus,DE,3050000,DAL
Scandrick,Orlando,CB,3000000,DAL
Bernadeau,Mackenzy,G,2875000,DAL
Bryant,Dez,WR,2362100,DAL
Church,Barry,S,2206750,DAL
Jones,Felix,RB,2105000,DAL
Hatcher,Jason,DE,2000000,DAL
Lissemore,Sean,DT,2000000,DAL
Jenkins,Mike,CB,1855000,DAL
Coleman,Kenyon,DE,1750000,DAL
Parnell,Jermey,RT,1354363,DAL
Carter,Bruce,OLB,1213650,DAL
Vickers,Lawrence,FB,1200000,DAL
Frampton,Eric,S,1166667,DAL
Cook,Ryan,C,1050000,DAL
Moorman,Brian,P,925000,DAL
Lee,Sean,ILB,872500,DAL
Ladouceur,L.P.,LS,850000,DAL
Dockery,Derrick,G,825000,DAL
Poppinga,Brady,LB,825000,DAL
Murray,DeMarco,RB,743360,DAL
Guyton,Gary,OLB,700000,DAL
Peprah,Charlie,S,700000,DAL
Sims,Ernie,OLB,700000,DAL
Kosier,Kyle,G,700000,DAL
Coe,Michael,CB,700000,DAL
Crawford,Tyrone,DE,685063,DAL
Arkin,David,G,644650,DAL
Ogletree,Kevin,WR,640000,DAL
Wilber,Kyle,OLB,634805,DAL
Schaefering,Brian,DT,615000,DAL
Johnson,Matt,S,600146,DAL
Armstrong,Anthony,WR,585000,DAL
Butler,Victor,OLB,562000,DAL
Hanna,James,TE,551213,DAL
Harris,Dwayne,WR,545015,DAL
McSurdy,Caleb,ILB,539850,DAL
Moore,Sterling,CB,510000,DAL
Brent,Josh,DT,496888,DAL
Bass,Ben,DT,485747,DAL
Leary,Ron,G,483000,DAL
Dunbar,Lance,RB,480500,DAL
Beasley,Cole,WR,480500,DAL
Weems,Darrion,LT,480000,DAL
Kowalski,Kevin,G,466667,DAL
Bailey,Dan,K,465833,DAL
Albright,Alex,OLB,465500,DAL
Tanner,Phillip,RB,465500,DAL
Jones,Chris,P,465000,DAL
Holmes,Andre,WR,465000,DAL
Phillips,John,TE,457000,DAL
Callaway,Rob,DT,435000,DAL
Kemp,Donavon,WR,430500,DAL
Church,Barry,S,409000,DAL
Costa,Phil,C,409000,DAL
McCray,Danny,S,405000,DAL
Lemon,Orie,ILB,390000,DAL
Taplin-Ross,Justin,CB,390000,DAL
Manning,Eli,QB,16250000,NYG
Rolle,Antrel,S,7420000,NYG
Webster,Corey,CB,7250000,NYG
Snee,Chris,G,7083333,NYG
Canty,Chris,DE,7000000,NYG
Tuck,Justin,DE,6200000,NYG
Umenyiora,Osi,OLB,6000000,NYG
Kiwanuka,Mathias,DE,5916667,NYG
Baas,David,C,5500000,NYG
Diehl,David,RT,5166667,NYG
Boley,Michael,LB,5000000,NYG
Bradshaw,Ahmad,RB,4500000,NYG
Thomas,Terrell,CB,4350000,NYG
Pierre-Paul,Jason,DE,3216800,NYG
Weatherford,Steve,P,2500000,NYG
Bennett,Martellus,TE,2500000,NYG
Phillips,Kenny,S,2230000,NYG
Nicks,Hakeem,WR,2215000,NYG
Amukamara,Prince,CB,2045225,NYG
Boothe,Kevin,G,1875000,NYG
Wilson,David,RB,1671126,NYG
Tynes,Lawrence,K,1400000,NYG
Rivers,Keith,OLB,1250000,NYG
DeOssie,Zak,LS,1150000,NYG
Joseph,Linval,DT,1077625,NYG
Carr,David,QB,990000,NYG
Austin,Marvin,DT,943950,NYG
Bernard,Rocky,DT,925000,NYG
Rogers,Shaun,DT,925000,NYG
Locklear,Sean,T,890000,NYG
Blackburn,Chase,OLB,825000,NYG
Randle,Rueben,WR,822983,NYG
Beatty,William,LT,783300,NYG
Tryon,Justin,CB,700000,NYG
Jernigan,Jerrel,WR,672563,NYG
Hosley,Jayron,CB,659375,NYG
Robinson,Adrien,TE,621413,NYG
Barden,Ramses,WR,620289,NYG
Brewer,James,G,619273,NYG
Torain,Ryan,RB,615000,NYG
Hixon,Domenik,WR,615000,NYG
Lumpkin,Kregg,RB,615000,NYG
Mosley,Brandon,G,600146,NYG
Sash,Tyler,S,592694,NYG
Beckum,Travis,TE,590750,NYG
Brown,Stevie,S,540000,NYG
Tracy,Adrian,DE,540000,NYG
Johnson,Bruce,CB,540000,NYG
Kuhn,Markus,DT,536474,NYG
Williams,Jacquian,OLB,529670,NYG
Scott,Da'Rel,RB,523988,NYG
Witherspoon,Brian,CB,505000,NYG
Petrus,Mitch,G,495290,NYG
Ojomo,Adewale,DE,480000,NYG
Hill,Will,S,480000,NYG
Herzlich,Mark,OLB,470000,NYG
Hynoski,Henry,FB,470000,NYG
Paysinger,Spencer,OLB,466000,NYG
Brown,Andre,RB,465000,NYG
Trattou,Justin,S,465000,NYG
Pascoe,Bear,TE,464138,NYG
Parker,Martin,DT,440500,NYG
Capers,Selvish,G,435000,NYG
Frederick,Terrence,CB,435000,NYG
Cruz,Victor,WR,405000,NYG
Cordle,Jim,C,383333,NYG
Dillard,Phillip,ILB,369480,NYG
Vick,Michael,QB,16000000,PHI
Peters,Jason,LT,12862500,PHI
Cole,Trent,OLB,12131250,PHI
Asomugha,Nnamdi,CB,12000000,PHI
Jackson,DeSean,WR,9700000,PHI
McCoy,LeSean,RB,9000000,PHI
Ryans,DeMeco,ILB,7800000,PHI
Bell,Demetress,RT,6900000,PHI
Jenkins,Cullen,DT,6075000,PHI
Herremans,Todd,RT,6000000,PHI
Mathis,Evan,G,5100000,PHI
Celek,Brent,TE,4875000,PHI
Patterson,Mike,DT,4785714,PHI
Graham,Brandon,OLB,3381600,PHI
Rodgers-Cromartie,Dominique,CB,3105750,PHI
Tapp,Darryl,OLB,3000000,PHI
Avant,Jason,WR,2950000,PHI
Maclin,Jeremy,WR,2875000,PHI
Cox,Fletcher,DE,2560300,PHI
Watkins,Danny,G,1983988,PHI
Allen,Nate,S,1283250,PHI
Dunlap,King,LT,1200000,PHI
Kendricks,Mychal,ILB,1111111,PHI
Landri,Derek,DT,1100000,PHI
Dixon,Antonio,DT,911667,PHI
Jarrett,Jaiquawn,S,899688,PHI
Dorenbos,Jon,LS,880000,PHI
Curry,Vinny,DE,845458,PHI
McBriar,Mat,P,832500,PHI
Scott,Jake,G,825000,PHI
Marsh,Curtis,CB,809790,PHI
Edwards,Trent,QB,707500,PHI
Moore,Evan,TE,707500,PHI
Foles,Nick,QB,692130,PHI
Johnson,Domonique,CB,637500,PHI
Boykin,Brandon,CB,626367,PHI
Henery,Alex,K,622529,PHI
Matthews,Casey,ILB,619966,PHI
Dixon,Antonio,DT,615000,PHI
Coleman,Kurt,S,613342,PHI
Kopa,Matt,G,588333,PHI
Hughes,Brandon,CB,585000,PHI
Tennant,Matt,G,585000,PHI
Kelly,Dennis,G,572200,PHI
Harbor,Clay,TE,560725,PHI
Lewis,Dion,RB,557220,PHI
Salas,Greg,WR,555000,PHI
McNutt,Marvin,WR,549723,PHI
Brown,Bryce,RB,537720,PHI
Kelce,Jason,C,534358,PHI
Cooper,Riley,WR,527870,PHI
Johnson,Damaris,WR,485000,PHI
Igwenagu,Emil,TE,483667,PHI
Polk,Chris,RB,483333,PHI
Havili,Stanley,FB,480000,PHI
Rau,Ryan,ILB,480000,PHI
Reynolds,Dallas,G,480000,PHI
Geathers,Clifton,DE,473555,PHI
Thornton,Cedric,DE,467500,PHI
Hunt,Phillip,OLB,463333,PHI
Chaney,Jamar,ILB,462563,PHI
Johnson,Ronald,WR,455000,PHI
Sims,David,S,435000,PHI
Anderson,Colt,S,405000,PHI
Lindley,Trevard,CB,393906,PHI
Fountain,Maurice,DE,390000,PHI
Cooper,Graig,RB,390000,PHI
Jordan,Akeem,ILB,367500,PHI
Weaver,Leonard,FB,100000,PHI
Williams,Trent,LT,10000000,WAS
Hall,DeAngelo,CB,9166667,WAS
Garcon,Pierre,WR,8500000,WAS
Cofield,Barry,DT,6000000,WAS
Morgan,Josh,WR,5750000,WAS
Brown,Jammal,T,5500000,WAS
Bowen,Stephen,DE,5500000,WAS
Davis,Fred,TE,5446000,WAS
Fletcher,London,ILB,5375000,WAS
GriffinIII,Robert,QB,5279775,WAS
Carriker,Adam,DE,5000000,WAS
Moss,Santana,WR,5000000,WAS
Wilson,Josh,CB,4500000,WAS
Chester,Chris,G,4000000,WAS
Orakpo,Brian,OLB,3559000,WAS
Meriweather,Brandon,S,3000000,WAS
Montgomery,Will,C,3000000,WAS
Griffin,Cedric,CB,2500000,WAS
Kerrigan,Ryan,OLB,2180074,WAS
Rocca,Sav,P,1750000,WAS
Doughty,Reed,S,1375000,WAS
Grossman,Rex,QB,1300000,WAS
Lichtensteiger,Kory,C,1260000,WAS
Jenkins,Jarvis,DE,1195670,WAS
Alexander,Lorenzo,OLB,1050000,WAS
Black,Jordan,T,890000,WAS
Williams,Madieu,S,890000,WAS
Cooley,Chris,TE,825000,WAS
Riley,Perry,ILB,790750,WAS
Golston,Kedric,DE,780000,WAS
LeRibeus,Josh,G,714081,WAS
Jones,David,CB,700000,WAS
Polumbus,Tyler,RT,700000,WAS
Wilson,Chris,LB,700000,WAS
Hankerson,Leonard,WR,680344,WAS
Johnson,Domonique,CB,665000,WAS
Balmer,Kentwan,DE,650000,WAS
Cousins,Kirk,QB,643172,WAS
Robinson,Keenan,ILB,630027,WAS
Helu,Roy,RB,627563,WAS
Williams,Keiland,RB,585000,WAS
Gettis,Adam,G,575493,WAS
Gomes,Dejon,S,557825,WAS
Morris,Alfred,RB,555775,WAS
Paul,Niles,TE,555413,WAS
So'oto,Vic,OLB,555000,WAS
Muckelroy,Roddrick,ILB,553394,WAS
Crawford,Richard,CB,540933,WAS
Bernstine,Jordan,S,540455,WAS
Royster,Evan,RB,536918,WAS
Jackson,Rob,OLB,536667,WAS
Hurt,Maurice,G,524850,WAS
Neild,Chris,DT,521475,WAS
Addison,Mario,DE,510000,WAS
Murphy,Jerome,CB,510000,WAS
Minnifield,Chase,CB,496667,WAS
Hanks,Darius,WR,481667,WAS
Forbath,Kai,K,480000,WAS
Compton,Tom,LT,480000,WAS
Boyce,Dorson,FB,480000,WAS
Myers,Rob,TE,480000,WAS
Davis,James,RB,480000,WAS
Briscoe,Dezmon,WR,473125,WAS
Pugh,Jordan,S,468319,WAS
Robinson,Aldrick,WR,415000,WAS
Worthington,Doug,DE,415000,WAS
Paulsen,Logan,TE,408333,WAS
Banks,Brandon,WR,405000,WAS
Sundberg,Nick,LS,405000,WAS
Young,Darrel,FB,405000,WAS
Davis,Tristan,RB,397500,WAS
Baker,Chris,DT,355950,WAS
Peppers,Julius,OLB,14000000,CHI
Cutler,Jay,QB,10074000,CHI
Marshall,Brandon,WR,8955800,CHI
Urlacher,Brian,LB,8710000,CHI
Forte,Matt,RB,7600000,CHI
Tillman,Charles,CB,6166667,CHI
Briggs,Lance,OLB,5833333,CHI
Hester,Devin,WR,5489006,CHI
Jennings,Tim,CB,3800000,CHI
Bennett,Earl,WR,3750000,CHI
Bush,Michael,RB,3500000,CHI
Campbell,Jason,QB,3500000,CHI
Garza,Roberto,C,3275000,CHI
Davis,Kellen,TE,3000000,CHI
Spencer,Chris,G,3000000,CHI
Gould,Robbie,K,2583333,CHI
Idonije,Israel,DE,2500000,CHI
Roach,Nick,ILB,2250000,CHI
McClellin,Shea,OLB,2065850,CHI
Podlesh,Adam,P,2000000,CHI
Spaeth,Matt,TE,1991667,CHI
Carimi,Gabe,G,1764012,CHI
Toeaina,Matt,DT,1617500,CHI
Weems,Eric,WR,1413333,CHI
Jeffery,Alshon,WR,1136958,CHI
Mannelly,Patrick,LS,932500,CHI
Costanzo,Blake,OLB,932500,CHI
Mare,Olindo,K,925000,CHI
Paea,Stephen,DT,921476,CHI
Hayden,Kelvin,CB,890000,CHI
McCown,Josh,QB,875000,CHI
Wright,Major,S,869425,CHI
Steltz,Craig,S,820000,CHI
Wootton,Corey,DT,785018,CHI
Hayes,Geno,OLB,750000,CHI
Thomas,Devin,WR,700000,CHI
Okoye,Amobi,DT,700000,CHI
Scott,Jonathan,LT,700000,CHI
Rachal,Chilo,G,700000,CHI
Booker,Lorenzo,RB,700000,CHI
Wrotto,Mansfield,G,700000,CHI
Hardin,Brandon,S,680250,CHI
Conte,Christopher,S,650900,CHI
Rodriguez,Evan,FB,636300,CHI
Williams,Edwin,C,630000,CHI
Bell,Kahlil,RB,615000,CHI
Bowman,Zackary,CB,615000,CHI
Melton,Henry,DT,565250,CHI
Moore,D.J.,CB,554188,CHI
Nolan,Troy,S,540000,CHI
Eldridge,Brody,TE,540000,CHI
Pressley,DeMario,DT,540000,CHI
Collins,Nate,DT,540000,CHI
McManis,Sherrick,CB,533000,CHI
DeCicco,Dom,ILB,510000,CHI
Thomas,J.T.,OLB,495629,CHI
Knox,Johnny,WR,488500,CHI
Brown,James,G,480000,CHI
Pieschel,Nick,G,480000,CHI
Webb,J'Marcus,RT,476403,CHI
Adams,Kyle,TE,465000,CHI
Trahan,Patrick,OLB,465000,CHI
Walters,Anthony,S,465000,CHI
Ware,Jeremy,CB,465000,CHI
Louis,Lance,G,448000,CHI
Anderson,Joseph,WR,435000,CHI
Allen,Armando,RB,415000,CHI
Unga,Harvey,FB,397500,CHI
Brandon,Cory,RT,397500,CHI
Ozougwu,Cheta,DE,390000,CHI
Warren,Donovan,CB,390000,CHI
Johnson,Calvin,WR,16207143,DET
Suh,Ndamukong,DT,12900400,DET
Stafford,Matthew,QB,12000000,DET
Avril,Cliff,DE,10605000,DET
VandenBosch,Kyle,DE,6500000,DET
Williams,Corey,DT,6433333,DET
Tulloch,Stephen,ILB,5100000,DET
Burleson,Nate,WR,5000000,DET
Raiola,Dominic,C,5000000,DET
Sims,Rob,G,3550000,DET
Peterman,Stephen,G,3000000,DET
Cherilus,Gosder,RT,3000000,DET
Houston,Chris,CB,3000000,DET
Backus,Jeff,T,2925000,DET
Durant,Justin,OLB,2750000,DET
Hill,Shaun,QB,2750000,DET
Pettigrew,Brandon,TE,2560000,DET
Thomas,Mike,WR,2552500,DET
Fairley,Nick,DT,2472250,DET
Scheffler,Tony,TE,2356500,DET
Florence,Drayton,CB,2250000,DET
Jackson,Lawrence,DE,2240000,DET
Reiff,Riley,LT,1998425,DET
Hanson,Jason,K,1975000,DET
Best,Jahvid,RB,1969000,DET
Levy,DeAndre,ILB,1927000,DET
Gandy,Dylan,G,1642500,DET
Delmas,Louis,S,1487500,DET
Lacey,Jacob,CB,1300000,DET
LeeHill,Sammie,DT,1260000,DET
Hilliard,Corey,RT,1260000,DET
Young,Titus,WR,1140330,DET
Harris,Nick,P,925000,DET
Broyles,Ryan,WR,919625,DET
Wendling,John,S,913333,DET
Osgood,Kassim,WR,890000,DET
Heller,Will,TE,890000,DET
Coleman,Erik,S,890000,DET
Muhlbach,Don,LS,890000,DET
Leshoure,Mikel,RB,858545,DET
Bartell,Ron,CB,850000,DET
Logan,Stefan,WR,820000,DET
Smith,Kevin,RB,765000,DET
Johnson,Tyrell,S,707500,DET
Fluellen,Andre,DT,700000,DET
Miller,Justin,CB,700000,DET
Bentley,Bill,CB,677278,DET
Robiskie,Brian,WR,665000,DET
Spievey,Amari,S,638333,DET
Lewis,Ronnell,DE,624272,DET
Nwaguo,Ogemdi,DT,622500,DET
Palmer,Ashlee,OLB,615000,DET
Smith,Alphonso,CB,615000,DET
Lee,Pat,CB,615000,DET
Whitehead,Tahir,ILB,578000,DET
Greenwood,Chris,CB,573000,DET
Green,Jonte,CB,549250,DET
Carey,Don,S,540000,DET
Lewis,Travis,ILB,539793,DET
Fox,Jason,RT,515333,DET
Nagy,Bill,G,502725,DET
Bell,Joique,RB,502500,DET
Moore,Kellen,QB,486667,DET
Saddler-McQueen,Jimmy,DT,472500,DET
Durham,Kris,WR,465000,DET
Silva,Ricardo,S,465000,DET
Chapas,Shaun,TE,465000,DET
Long,Lance,WR,465000,DET
Young,Willie,DE,421000,DET
Overbay,Nathan,TE,390000,DET
Dickson,Richard,TE,2333,DET
Woodson,Charles,S,11000000,GB
Rodgers,Aaron,QB,10586667,GB
Williams,Tramon,CB,8250000,GB
Finley,Jermichael,TE,7000000,GB
Sitton,Josh,G,6750000,GB
Hawk,A.J.,ILB,6750000,GB
Jennings,Greg,WR,6721250,GB
Pickett,Ryan,DT,6187500,GB
Raji,B.J.,DE,5386000,GB
Lang,T.J.,G,5200000,GB
Bishop,Desmond,OLB,4762500,GB
Nelson,Jordy,WR,4366667,GB
Saturday,Jeff,C,3875000,GB
Jones,James,WR,3233333,GB
Crosby,Mason,K,2950000,GB
Bulaga,Bryan,RT,2649000,GB
Matthews,Clay,OLB,2620000,GB
Kuhn,John,FB,2533333,GB
Driver,Donald,WR,2300000,GB
Perry,Nick,OLB,1874813,GB
Bush,Jarrett,CB,1750000,GB
Sherrod,Derek,RT,1650501,GB
Masthay,Tim,P,1366250,GB
Peprah,Charlie,S,1125000,GB
Worthy,Jerel,DE,987051,GB
Goode,Brett,LS,905000,GB
Burnett,Morgan,S,877025,GB
Hayward,Casey,CB,827478,GB
Benson,Cedric,RB,825000,GB
Cobb,Randall,WR,802355,GB
Neal,Michael,DE,775000,GB
Walden,Erik,OLB,725000,GB
Quarless,Andrew,TE,703856,GB
Grant,Ryan,RB,700001,GB
Newhouse,Marshall,RT,695713,GB
Green,Alexander,RB,644375,GB
McMillian,Jerron,S,600146,GB
Daniels,Mike,DE,600146,GB
House,Davon,CB,585145,GB
Manning,Terrell,ILB,567870,GB
Williams,D.J.,TE,559500,GB
Harris,DuJuan,RB,555000,GB
Harrell,Graham,QB,540000,GB
Smith,D.J.,ILB,535788,GB
Taylor,Ryan,TE,524794,GB
Starks,James,RB,510075,GB
Richardson,Sean,S,481667,GB
Moses,Dezman,OLB,481167,GB
Barclay,Don,RT,480833,GB
VanRoten,Greg,G,480000,GB
Miller,Jordan,DT,480000,GB
Boykin,Jarrett,WR,480000,GB
Ross,Jeremy,WR,480000,GB
Wilson,C.J.,DE,475089,GB
Lattimore,Jamari,ILB,466667,GB
Jennings,M.D.,S,465867,GB
Saine,Brandon,RB,465000,GB
White,Johnny,RB,465000,GB
Jones,Brad,ILB,452564,GB
Shields,Sam,CB,407500,GB
Zombo,Frank,OLB,406167,GB
Crabtree,Tom,TE,405000,GB
Dietrich-Smith,Evan,C,396000,GB
Jones,Johnny,DT,390000,GB
Francois,Rob,ILB,375000,GB
Peterson,Adrian,RB,14380000,MIN
Allen,Jared,DE,12210012,MIN
Greenway,Chad,OLB,8120000,MIN
Winfield,Antoine,CB,7200000,MIN
Williams,Kevin,DT,5721750,MIN
Carlson,John,TE,5000000,MIN
Kalil,Matt,LT,4942650,MIN
Sullivan,John,C,4900000,MIN
Robison,Brian,DE,4500000,MIN
Johnson,Charlie,G,3500000,MIN
Guion,Letroy,DT,3000000,MIN
Jenkins,Michael,WR,2916667,MIN
Ponder,Christian,QB,2539675,MIN
Harvin,Percy,WR,2410000,MIN
Simpson,Jerome,WR,2000000,MIN
Henderson,Erin,ILB,2000000,MIN
Smith,Harrison,S,1784637,MIN
Evans,Fred,DT,1500000,MIN
Cook,Chris,CB,1342500,MIN
Berger,Joe,C,1338906,MIN
Kluwe,Chris,P,1247857,MIN
Loeffler,Cullen,LS,1140000,MIN
Rudolph,Kyle,TE,976791,MIN
Gerhart,Toby,RB,938500,MIN
Schwartz,Geoff,G,900000,MIN
Loadholt,Phillip,RT,856250,MIN
Robinson,Josh,CB,753750,MIN
Felton,Jerome,FB,750000,MIN
Mitchell,Marvin,OLB,725000,MIN
Aromashodu,Devin,WR,700000,MIN
Wright,Jarius,WR,630027,MIN
Ballard,Christian,DT,611888,MIN
Ellison,Rhett,TE,600146,MIN
Childs,Greg,WR,600146,MIN
Johnson,George,DE,585000,MIN
Kropog,Troy,RT,585000,MIN
Griffen,Everson,DE,582500,MIN
Blanton,Robert,S,577763,MIN
Walsh,Blair,K,554483,MIN
Burton,Brandon,CB,552250,MIN
Cole,Audie,ILB,541875,MIN
Love,DeMarcus,LT,540775,MIN
Jefferson,A.J.,CB,540000,MIN
Raymond,Mistral,S,539483,MIN
Fusco,Brandon,G,538556,MIN
Reed,D'Aundre,DE,522563,MIN
Burton,Stephen,WR,521475,MIN
McKenzie,Tyrone,OLB,510000,MIN
Reisner,Allen,TE,510000,MIN
Sendejo,Andrew,S,495000,MIN
Brinkley,Jasper,ILB,484000,MIN
Jorden,Kamar,WR,480833,MIN
Taylor,Nick,CB,480000,MIN
Webb,Joe,QB,470629,MIN
Todman,Jordan,RB,465000,MIN
Dean,Larry,OLB,465000,MIN
Sanford,Jamarca,S,449819,MIN
Bethel-Thompson,McLeod,QB,437500,MIN
Asiata,Matt,RB,435000,MIN
Sherels,Marcus,CB,355000,MIN
Herrera,Anthony,G,100000,MIN
Ryan,Matt,QB,11250000,ATL
Grimes,Brent,CB,10281000,ATL
Robinson,Dunta,CB,8625000,ATL
White,Roddy,WR,7120000,ATL
Blalock,Justin,G,6400000,ATL
Gonzalez,Tony,TE,6325000,ATL
Abraham,John,OLB,5906000,ATL
Turner,Michael,RB,5750000,ATL
Edwards,Ray,DE,5500000,ATL
Babineaux,Jonathan,DE,5000000,ATL
Clabo,Tyson,RT,5000000,ATL
Samuel,Asante,CB,4900000,ATL
Jones,Julio,WR,4045938,ATL
Nicholas,Stephen,OLB,3500000,ATL
DeCoud,Thomas,S,3500000,ATL
Douglas,Harry,WR,3125000,ATL
Biermann,Kroy,OLB,3050000,ATL
Weatherspoon,Sean,OLB,2796500,ATL
Baker,Sam,LT,2700000,ATL
Bryant,Matt,K,2675000,ATL
Jerry,Peria,DT,1692000,ATL
Svitek,Will,LT,1500750,ATL
Snelling,Jason,RB,1333333,ATL
Walker,Vance,DT,1260000,ATL
McClure,Todd,C,990000,ATL
Peterson,Mike,LB,990000,ATL
Hope,Chris,S,990000,ATL
Konz,Peter,C,897150,ATL
Moore,William,S,852125,ATL
Peters,Corey,DT,850000,ATL
McCown,Luke,QB,825000,ATL
Cox,Mike,FB,700000,ATL
Dent,Akeem,ILB,691975,ATL
Holmes,Lamar,RT,658400,ATL
Johnson,Mike,RT,645554,ATL
Owens,Christopher,CB,609676,ATL
Hawley,Joe,C,605795,ATL
Coffman,Chase,TE,585000,ATL
Franks,Dominique,CB,585000,ATL
Massaquoi,Jonathan,DE,567215,ATL
Rodgers,Jacquizz,RB,557750,ATL
Ewing,Bradie,FB,552298,ATL
Mitchell,Charles,S,550418,ATL
Sidbury,Lawrence,OLB,548725,ATL
Palmer,Michael,TE,540000,ATL
Smith,Antone,RB,540000,ATL
Robertson,Travian,DT,536474,ATL
Bosher,Matt,P,533950,ATL
Matthews,Cliff,DE,521750,ATL
Schillinger,Shann,S,516279,ATL
McClain,Robert,CB,510000,ATL
Reynolds,Garrett,RT,482650,ATL
Gunn,Harland,G,481667,ATL
Harris,Josh,LS,480833,ATL
Davis,Dominique,QB,480667,ATL
Davis,Drew,WR,480000,ATL
Manley,Phillip,G,480000,ATL
Toone,Tim,WR,480000,ATL
Meier,Kerry,WR,444251,ATL
Gallarda,Tommy,TE,435000,ATL
Nissley,Adam,TE,431000,ATL
Hansen,Matt,S,420000,ATL
James,Robert,OLB,415000,ATL
Johnson,Terrence,CB,415000,ATL
Cone,Kevin,WR,415000,ATL
Johnson,Charles,DE,12666667,CAR
Gross,Jordan,LT,9400000,CAR
Beason,Jon,ILB,8821592,CAR
Gamble,Chris,CB,8791667,CAR
Williams,DeAngelo,RB,8600000,CAR
Kalil,Ryan,C,8186000,CAR
Smith,Steve,WR,7500000,CAR
Davis,Thomas,OLB,7300000,CAR
Stewart,Jonathan,RB,7300000,CAR
Newton,Cam,QB,5506375,CAR
Godfrey,Charles,S,5500000,CAR
Olsen,Greg,TE,4560000,CAR
Edwards,Dwan,DT,4500000,CAR
Anderson,James,OLB,4400000,CAR
Kuechly,Luke,ILB,3144651,CAR
Edwards,Ron,DT,2750000,CAR
Tolbert,Mike,FB,2500000,CAR
Hangartner,Geoff,G,1616667,CAR
Nakamura,Haruki,S,1600000,CAR
Silatolu,Amini,G,1234276,CAR
Hartsock,Ben,TE,1000000,CAR
Jansen,J.J.,LS,901250,CAR
Onatolu,Kenny,LB,900000,CAR
LaFell,Brandon,WR,869600,CAR
Anderson,Derek,QB,825000,CAR
Clausen,Jimmy,QB,807500,CAR
Martin,Sherrod,S,806375,CAR
Applewhite,Antwan,DE,765000,CAR
Senn,Jordan,OLB,765000,CAR
Pollak,Mike,G,765000,CAR
Hardy,Greg,DE,693946,CAR
Williams,Garry,G,680556,CAR
Gano,Graham,K,665000,CAR
Williams,Jason,OLB,665000,CAR
Alexander,Frank,DE,642563,CAR
Adams,Joe,WR,641888,CAR
Edwards,Armanti,WR,639710,CAR
Fua,Sione,DT,636504,CAR
Hogan,Brandon,CB,634257,CAR
Barnidge,Gary,TE,622500,CAR
Campbell,Bruce,RT,615625,CAR
Norman,Josh,CB,574750,CAR
Thomas,Johsua,CB,569450,CAR
Pilares,Kealoha,WR,563878,CAR
Kearse,Frank,DT,555000,CAR
Smith,Armond,RB,555000,CAR
Hogue,Douglas,OLB,554527,CAR
Murphy,Louis,WR,549500,CAR
Nortman,Brad,P,544670,CAR
Campbell,D.J.,S,540562,CAR
Phillips,Jason,ILB,540000,CAR
Brockel,Richie,FB,540000,CAR
Ness,Nate,S,540000,CAR
Kearse,Frank,DT,520000,CAR
Austin,Thomas,C,510000,CAR
Jones,Colin,S,510000,CAR
Medlock,Justin,K,496667,CAR
Gettis,David,WR,496012,CAR
Poole,Tauren,RB,482500,CAR
Chandler,Nate,RT,482000,CAR
Russell,Anderson,S,480000,CAR
Hicks,Hayworth,G,480000,CAR
Williams,Zachary,G,469670,CAR
Bell,Byron,LT,469667,CAR
Parker,Ron,S,465000,CAR
Byers,Jeff,C,465000,CAR
Keiser,Thomas,OLB,465000,CAR
Munnerlyn,Captain,CB,452725,CAR
Neblett,Andre,DT,405000,CAR
Dockery,James,CB,340000,CAR
Brees,Drew,QB,20000000,NO
Smith,Will,OLB,10233333,NO
Evans,Jahri,G,8100000,NO
Colston,Marques,WR,7260000,NO
Grubbs,Ben,G,7200000,NO
Ellis,Sedrick,DT,6700000,NO
Harper,Roman,S,6250000,NO
Lofton,Curtis,ILB,5500000,NO
Greer,Jabari,CB,5275000,NO
Bunkley,Brodrick,DT,5000000,NO
Bushrod,Jermon,LT,4900000,NO
Vilma,Jonathan,ILB,4650000,NO
Moore,Lance,WR,4000000,NO
Jenkins,Malcolm,S,3800000,NO
Hawthorne,David,OLB,3800000,NO
Morstead,Thomas,P,3647500,NO
Sproles,Darren,RB,3500000,NO
Henderson,Devery,WR,3000000,NO
Thomas,Pierre,RB,2800000,NO
Hartley,Garret,K,2560000,NO
Shanle,Scott,LB,2000000,NO
Jordan,Cameron,DE,1932850,NO
Strief,Zach,RT,1916667,NO
Robinson,Patrick,CB,1881900,NO
Ingram,Mark,RB,1854188,NO
Thomas,David,TE,1833333,NO
Herring,Will,LB,1666667,NO
Chamberlain,Chris,ILB,1350000,NO
Casillas,Jonathan,OLB,1260000,NO
McBride,Turk,DE,1000000,NO
Daniel,Chase,QB,1000000,NO
Graham,Daniel,TE,990000,NO
Brown,Charles,LT,775000,NO
Wilson,Martez,OLB,719081,NO
Mack,Elbert,CB,700000,NO
Camarillo,Greg,WR,700000,NO
Roby,Courtney,WR,700000,NO
Patrick,Johnny,CB,681845,NO
Hicks,Akiem,DE,670100,NO
Toon,Nick,WR,626903,NO
Humber,Ramon,ILB,615000,NO
Robinson,William,T,615000,NO
Graham,Jimmy,TE,613785,NO
White,Corey,CB,569125,NO
Tiller,Andrew,G,553000,NO
Jones,Marcel,RT,552150,NO
De,Brian,C,540000,NO
Tupou,Fenuki,T,540000,NO
Drescher,Justin,LS,540000,NO
Romeus,Greg,DE,520000,NO
Henry,Ricky,G,510000,NO
Cadet,Travaris,RB,481667,NO
Walker,Tyrunn,DE,481000,NO
Givens,Chris,WR,480833,NO
Abdul-Quddus,Isa,S,466667,NO
Morgan,Joseph,WR,466333,NO
Olsen,Eric,C,465000,NO
Johnson,Tom,DE,465000,NO
Harris,Bryce,LT,435000,NO
Wilson,Lawrence,ILB,435000,NO
Nelson,Jerico,S,435000,NO
Davis,Adrian,CB,433333,NO
Hakim,Saalim,WR,430000,NO
Collins,Jed,FB,430000,NO
Galette,Junior,OLB,406667,NO
Ivory,Chris,RB,406667,NO
Bush,Rafael,S,405000,NO
Hixon,Nick,CB,390000,NO
Jackson,Vincent,WR,11111111,TB
McCoy,Gerald,DT,11000000,TB
Nicks,Carl,G,9500000,TB
Joseph,Davin,G,7500000,TB
Wright,Eric,CB,7500000,TB
Penn,Donald,LT,6950000,TB
Black,Quincy,LB,5800000,TB
Freeman,Josh,QB,5200000,TB
Trueblood,Jeremy,RT,5000000,TB
Zuttah,Jeremy,C,4125000,TB
Barron,Mark,S,3616250,TB
Barth,Connor,K,3300000,TB
Koenen,Michael,P,3250000,TB
Barber,Ronde,S,3000000,TB
Bennett,Michael,DE,2742000,TB
Clark,Dallas,TE,2700000,TB
Clayborn,Adrian,DE,2052542,TB
Martin,Doug,RB,1696954,TB
Orlovsky,Dan,QB,1250000,TB
Dotson,Demar,RT,1250000,TB
Benn,Arrelious,WR,1160000,TB
Hayward,Adam,OLB,1154423,TB
Gibson,Gary,DT,1000000,TB
Bowers,Da'Quan,DT,963909,TB
David,Lavonte,OLB,899183,TB
Economos,Andrew,LS,800000,TB
Meredith,Jamon,G,800000,TB
Parker,Preston,WR,795000,TB
Parrish,Roscoe,WR,700000,TB
McDonald,Brandon,CB,700000,TB
Wright,Wallace,WR,700000,TB
Foster,Mason,ILB,696093,TB
Lewis,Myron,CB,680025,TB
Ware,D.J.,RB,680000,TB
Larsen,Ted,G,678400,TB
Underwood,Tiquan,WR,665000,TB
Miller,Roy,DT,630000,TB
Stocker,Luke,TE,628172,TB
Hardman,Derek,RT,585000,TB
Wallace,Cody,G,585000,TB
Gorrer,Danny,CB,585000,TB
Williams,Mike,WR,582063,TB
Lorig,Erik,FB,577500,TB
Goode,Najee,ILB,576725,TB
Black,Ahmad,S,556685,TB
Tandy,Keith,CB,555150,TB
Levingston,Lazarius,DT,555000,TB
Vandervelde,Julian,C,551200,TB
Smith,Michael,RB,541287,TB
Blount,LeGarrette,RB,540000,TB
Owusu,Chris,WR,525000,TB
Gaitor,Anthony,CB,523404,TB
Allen,Roger,G,510000,TB
White,Markus,DE,510000,TB
Morgan,Aaron,DE,510000,TB
Watson,Dekoda,OLB,500455,TB
Irvin,Corvey,DT,495000,TB
Wynn,Desmond,G,485490,TB
Demps,Jeff,RB,483667,TB
Johnson,Leonard,CB,482500,TB
Noble,Danny,TE,480000,TB
Masifilo,Matt,DT,480000,TB
Douglas,David,WR,480000,TB
Gilreath,David,WR,480000,TB
Byham,Nate,TE,474000,TB
Grimm,Cody,S,464375,TB
Biggers,E.J.,CB,452600,TB
Stroughter,Sammie,WR,449568,TB
Lewis,LeQuan,CB,435000,TB
Te'o-Nesheim,Daniel,DE,415000,TB
Cutrera,Jacob,ILB,410000,TB
Rogers,Jake,K,390000,TB
Triplett,Nathan,LB,50250,TB
Fitzgerald,Larry,WR,16142857,AZ
Campbell,Calais,DE,11000000,AZ
Kolb,Kevin,QB,10351333,AZ
Dockett,Darnell,DE,8825000,AZ
Washington,Daryl,ILB,8000000,AZ
Rhodes,Kerry,S,6700000,AZ
Brown,Levi,LT,6000000,AZ
Colledge,Daryn,G,5500000,AZ
Bradley,Stewart,ILB,5500000,AZ
Peterson,Patrick,CB,4607375,AZ
Wilson,Adrian,S,4125000,AZ
Snyder,Adam,G,3500000,AZ
Sendlein,Lyle,C,3250000,AZ
Heap,Todd,TE,2750000,AZ
Floyd,Michael,WR,2492875,AZ
Gay,William,CB,2475000,AZ
Doucet,Early,WR,2000000,AZ
Stephens-Howling,LaRod,RB,1927000,AZ
Wells,Beanie,RB,1920000,AZ
King,Jeff,TE,1850000,AZ
Williams,Dan,DT,1797000,AZ
Bridges,Jeremy,G,1633333,AZ
Feely,Jay,K,1500000,AZ
Lenon,Paris,ILB,1500000,AZ
Toler,Greg,CB,1260000,AZ
Johnson,Rashad,S,1260000,AZ
Williams,Ryan,RB,1251858,AZ
Zastudil,Dave,P,1250000,AZ
Leach,Mike,LS,1091667,AZ
Hall,Korey,RB,1055000,AZ
Walker,Reggie,ILB,1000000,AZ
Eason,Nick,DE,992500,AZ
Holliday,Vonnie,DT,925000,AZ
Sanders,James,S,915000,AZ
Adams,Michael,S,892500,AZ
Schofield,O'Brien,OLB,765375,AZ
Housler,Robert,TE,748523,AZ
Groves,Quentin,OLB,700000,AZ
Batiste,D'Anthony,G,700000,AZ
McQuistan,Pat,RT,700000,AZ
Fleming,Jamell,CB,682767,AZ
Roberts,Andre,WR,667050,AZ
Sperry,Kory,TE,665000,AZ
Gibson,Mike,C,665000,AZ
Massie,Bobby,RT,635845,AZ
Acho,Sam,OLB,628607,AZ
Hoyer,Brian,QB,615000,AZ
Kelemete,Senio,G,572900,AZ
Sherman,Anthony,FB,561725,AZ
Bethel,Justin,CB,553556,AZ
Lindley,Ryan,QB,551327,AZ
Ohrnberger,Rich,C,540000,AZ
Williams,Stephen,WR,540000,AZ
Potter,Nate,LT,539856,AZ
Carter,David,DT,535966,AZ
Skelton,John,QB,530413,AZ
Dray,Jim,TE,497250,AZ
Byrd,Laron,WR,482167,AZ
Robinson,Gerell,WR,481167,AZ
Nash,Zack,OLB,480000,AZ
James,Javarris,RB,465000,AZ
Green,Marshay,CB,465000,AZ
Smith,Alfonso,RB,465000,AZ
Talley,Ronald,DE,465000,AZ
Lumpkin,Ricky,DT,465000,AZ
DeChristopher,Blake,G,455000,AZ
Taylor,Kerry,WR,397500,AZ
Rice,Sidney,WR,8200000,SEA
Okung,Russell,LT,8083333,SEA
Lynch,Marshawn,RB,7500000,SEA
Clemons,Chris,DE,7333333,SEA
Bryant,Red,DE,7020000,SEA
Miller,Zach,TE,6800000,SEA
Flynn,Matt,QB,6500000,SEA
Unger,Max,C,6458750,SEA
Mebane,Brandon,DT,5000000,SEA
Jones,Jason,DE,4500000,SEA
Thomas,Earl,S,3660000,SEA
Branch,Alan,DE,3500000,SEA
Giacomini,Breno,RT,3250000,SEA
Washington,Leon,RB,3125000,SEA
McQuistan,Paul,LT,2500000,SEA
Robinson,Michael,FB,2500000,SEA
Irvin,Bruce,OLB,2335550,SEA
Obomanu,Ben,WR,2300000,SEA
Carpenter,James,G,1910376,SEA
Hill,Leroy,LB,1600000,SEA
Ryan,Jon,P,1516667,SEA
Farwell,Heath,ILB,1500000,SEA
Trufant,Marcus,CB,1300000,SEA
Hauschka,Steven,K,1260000,SEA
Omiyale,Frank,T,1225000,SEA
Wagner,Bobby,ILB,1076950,SEA
Edwards,Braylon,WR,890000,SEA
Tate,Golden,WR,852875,SEA
Wilson,Russell,QB,749176,SEA
Moffitt,John,G,723750,SEA
Longwell,Ryan,K,700000,SEA
Barbre,Allen,RT,670000,SEA
Turbin,Robert,RB,639114,SEA
Howard,Jaye,DE,633716,SEA
Wright,K.J.,OLB,631500,SEA
Butler,Deon,WR,615000,SEA
Thurmond,Walter,CB,610875,SEA
Person,Michael,RT,568633,SEA
Lane,Jeremy,CB,556279,SEA
Sherman,Richard,CB,555606,SEA
Guy,Winston,S,552515,SEA
Bradford,Allen,ILB,543750,SEA
McDonald,Clinton,DT,540000,SEA
Sweezy,J.R.,G,539212,SEA
Maxwell,Byron,CB,538363,SEA
Scruggs,Greg,DE,537358,SEA
Shead,Deshawn,S,525000,SEA
Smith,Malcolm,OLB,521475,SEA
McCoy,Anthony,TE,511213,SEA
Martin,Charly,WR,510000,SEA
Chancellor,Kam,S,500903,SEA
Johnson,Rishaw,G,480000,SEA
Kearse,Jermaine,WR,480000,SEA
Baldwin,Doug,WR,470833,SEA
Johnson,Jeron,S,470000,SEA
McGrath,Sean,TE,468750,SEA
Jeanpierre,Lemuel,C,465000,SEA
Morgan,Michael,OLB,465000,SEA
Davis,Dexter,DE,459399,SEA
Morrah,Cameron,TE,447638,SEA
Maragos,Chris,S,435000,SEA
Browner,Brandon,CB,415000,SEA
Gresham,Clint,LS,407667,SEA
Willis,Patrick,ILB,10000000,SF
Smith,Alex,QB,9258333,SF
Bowman,Navorro,ILB,9050000,SF
Smith,Justin,DE,7500000,SF
Staley,Joe,LT,7441667,SF
Davis,Vernon,TE,7350000,SF
Rogers,Carlos,CB,7325000,SF
Brooks,Ahmad,OLB,6733333,SF
Gore,Frank,RB,6404183,SF
Goldson,Dashon,S,6212000,SF
Crabtree,Michael,WR,5333333,SF
Davis,Anthony,RT,5300000,SF
McDonald,Ray,DT,4020000,SF
Sopoaga,Isaac,DT,4000000,SF
Whitner,Donte,S,3883333,SF
Manningham,Mario,WR,3687500,SF
Goodwin,Jonathan,C,3633333,SF
Smith,Aldon,OLB,3595999,SF
Lee,Andy,P,3400000,SF
Brown,Tarell,CB,3037501,SF
Iupati,Mike,G,3022125,SF
Akers,David,K,3000000,SF
Haralson,Parys,OLB,3000000,SF
Moss,Randy,WR,2500000,SF
Jenkins,A.J.,WR,1736883,SF
Boone,Alex,G,1635000,SF
Jacobs,Brandon,RB,1575000,SF
Spillman,C.J.,S,1400000,SF
GinnJr.,Ted,WR,1375000,SF
Kaepernick,Colin,QB,1281074,SF
Grant,Larry,LB,1260000,SF
Jennings,Brian,LS,1060833,SF
Haggans,Clark,LB,1000000,SF
Davis,Leonard,G,950000,SF
Walker,Delanie,TE,875000,SF
James,LaMichael,RB,829725,SF
Pontbriand,Ryan,C,826000,SF
Gooden,Tavares,ILB,700000,SF
Culliver,Chris,CB,659719,SF
Looney,Joe,G,631301,SF
Hunter,Kendall,RB,619750,SF
Fleming,Darius,OLB,566200,SF
Robinson,Trent,S,552625,SF
Kilgore,Daniel,C,550075,SF
Hall,Chad,WR,547500,SF
McBath,Darcel,S,540000,SF
Brock,Tramaine,CB,540000,SF
Miller,Bruce,FB,525613,SF
Dixon,Anthony,RB,515150,SF
Tukuafu,Will,FB,510000,SF
Bakhtiari,Eric,DE,510000,SF
Cox,Perrish,CB,510000,SF
Celek,Garrett,TE,482000,SF
Hampton,Jewel,RB,480000,SF
Tolzien,Scott,QB,469333,SF
Dobbs,Demarcus,DE,469167,SF
Williams,Kyle,WR,467338,SF
Matthews,John,WR,465000,SF
Williams,Ian,DT,465000,SF
JeanFrancois,Ricky,DE,448250,SF
Wilhoite,Michael,ILB,435000,SF
Jerod-Eddie,Tony,DE,430000,SF