Last Name,First Name,Position,Average Salary,Team
Williams,Mario,DE,16000000,BUF
Williams,Kyle,DT,7287500,BUF
Williams,Aaron,S,6501961,BUF
Wood,Eric,C,6350000,BUF
Orton,Kyle,QB,5500000,BUF
Spiller,C.J.,RB,5134417,BUF
Dareus,Marcell,DT,5101825,BUF
Watkins,Sammy,WR,4983901,BUF
Jackson,Fred,RB,4350000,BUF
McKelvin,Leodis,CB,4250000,BUF
Graham,Corey,S,4075000,BUF
Urbik,Kraig,G,3650000,BUF
Williams,Chris,G,3287500,BUF
Pears,Erik,RT,3100000,BUF
Gilmore,Stephon,CB,3021038,BUF
Spikes,Brandon,ILB,3000000,BUF
Lawson,Manny,OLB,3000000,BUF
Carpenter,Dan,K,2487500,BUF
Chandler,Scott,TE,2375000,BUF
Manuel,E.J.,QB,2221325,BUF
Rivers,Keith,OLB,2025000,BUF
Hughes,Jerry,DE,1950000,BUF
Woods,Robert,WR,1216692,BUF
Glenn,Cordy,LT,1216295,BUF
Kouandjio,Cyrus,RT,1202205,BUF
Dixon,Anthony,RB,1200000,BUF
Sanborn,Garrison,LS,1111667,BUF
Alonso,Kiko,ILB,1075100,BUF
Wynn,Jarius,DE,795000,BUF
Brown,Preston,ILB,751438,BUF
Sylvester,Stevenson,ILB,730000,BUF
Goodwin,Marquise,WR,713469,BUF
Cockrell,Ross,CB,671888,BUF
Williams,Duke,S,657563,BUF
Dean,Larry,OLB,645000,BUF
Bradham,Nigel,OLB,641106,BUF
Searcy,Da'Norris,S,631106,BUF
Brooks,Ron,CB,625135,BUF
Hairston,Chris,LT,613977,BUF
Richardson,Cyril,G,603000,BUF
Meeks,Jonathan,S,589500,BUF
Smith,Lee,TE,574571,BUF
Johnson,Randell,OLB,570933,BUF
Henderson,Seantrel,RT,567720,BUF
Gragg,Chris,TE,554794,BUF
Rambo,Bacarri,S,540000,BUF
Butler,Mario,CB,540000,BUF
Brown,Bryce,RB,537720,BUF
Easley,Marcus,WR,533333,BUF
Ladler,Kenny,S,512500,BUF
Robey,Nickell,CB,497500,BUF
Gray,MarQueis,TE,496333,BUF
Hogan,Chris,WR,495000,BUF
Charles,Stefan,DT,495000,BUF
Powell,Ty,ILB,495000,BUF
Thigpen,Marcus,WR,482500,BUF
Thompson,Deonte,WR,481333,BUF
Schmidt,Colton,P,465000,BUF
Bryant,Corbin,DT,450000,BUF
Gay,Jordan,K,420000,BUF
Wallace,Mike,WR,12000000,MIA
Albert,Branden,LT,9400000,MIA
Grimes,Brent,CB,8000000,MIA
Jones,Reshad,S,7003000,MIA
Ellerbe,Dannell,OLB,7000000,MIA
Wake,Cameron,DE,6640000,MIA
Hartline,Brian,WR,6155000,MIA
Finnegan,Cortland,CB,5500000,MIA
Wheeler,Philip,OLB,5200000,MIA
Jordan,Dion,DE,5143077,MIA
Starks,Randy,DE,5000000,MIA
Misi,Koa,OLB,4250000,MIA
Mitchell,Earl,DT,4000000,MIA
Moore,Matt,QB,4000000,MIA
Fields,Brandon,P,3325029,MIA
Gibson,Brandon,WR,3260000,MIA
Tannehill,Ryan,QB,3167211,MIA
Moreno,Knowshon,RB,3000000,MIA
Smith,Shelley,G,2750000,MIA
Odrick,Jared,DE,2614388,MIA
Pouncey,Mike,C,2314924,MIA
Delmas,Louis,S,2250000,MIA
James,Ja'Wuan,RT,2107100,MIA
Colledge,Daryn,G,2000000,MIA
Satele,Samson,C,2000000,MIA
Garner,Nate,RT,1625000,MIA
Trusnik,Jason,ILB,1190000,MIA
Denney,John,LS,1150029,MIA
Taylor,Jamar,CB,906605,MIA
Landry,Jarvis,WR,868728,MIA
Fox,Jason,RT,795000,MIA
Turner,Billy,G,786625,MIA
Vernon,Olivier,DE,712020,MIA
Thomas,Dallas,G,711594,MIA
Davis,Will,CB,675300,MIA
Aikens,Walt,S,658977,MIA
Jenkins,Jelani,OLB,658172,MIA
Sims,Dion,TE,656888,MIA
Miller,Lamar,RB,646500,MIA
Thomas,Daniel,RB,645000,MIA
Sheppard,Kelvin,ILB,645000,MIA
Lynch,Arthur,TE,602825,MIA
Tripp,Jordan,OLB,595700,MIA
Gillislee,Mike,RB,580700,MIA
Sturgis,Caleb,K,576140,MIA
Stanford,R.J.,CB,570000,MIA
Freeny,Jonathan,ILB,570000,MIA
James,LaMichael,RB,570000,MIA
Heath,T.J.,CB,570000,MIA
Fede,Terrence,DE,568988,MIA
Coleman,DeAndre,DT,555000,MIA
Jones,Don,S,551474,MIA
Matthews,Rishard,WR,538403,MIA
Clay,Charles,TE,538000,MIA
Seamster,Sammy,CB,525000,MIA
Wilson,Jimmy,S,521475,MIA
Wallace,Davonte,G,513333,MIA
Williams,Damien,RB,511667,MIA
Johnson,Kamal,DT,510667,MIA
Johnson,Anthony,DT,510667,MIA
McCain,Chris,OLB,510000,MIA
Kovacs,Jordan,S,495000,MIA
Francis,A.J.,DT,495000,MIA
Shelby,Derrick,DE,483333,MIA
Robinson,Gerell,WR,465000,MIA
Brenner,Sam,C,465000,MIA
Thomas,Michael,S,450000,MIA
Hazel,Matt,WR,435000,MIA
Brady,Tom,QB,14120000,NE
Revis,Darrelle,CB,12000000,NE
Gronkowski,Rob,TE,9000000,NE
Wilfork,Vince,DT,7666667,NE
Mayo,Jerod,ILB,7121429,NE
Amendola,Danny,WR,5700000,NE
Browner,Brandon,CB,5600000,NE
Ninkovich,Rob,DE,5000000,NE
Edelman,Julian,WR,4250000,NE
Vollmer,Sebastian,RT,4187500,NE
Arrington,Kyle,CB,4000000,NE
Wendell,Ryan,C,3425000,NE
Connolly,Dan,G,3250000,NE
Gostkowski,Stephen,K,3151800,NE
LaFell,Brandon,WR,3000000,NE
Solder,Nate,LT,2135123,NE
Jones,Chandler,DE,2043138,NE
McCourty,Devin,S,2000000,NE
Hightower,Dont'a,OLB,1931001,NE
Easley,Dominique,DT,1825887,NE
Slater,Matthew,WR,1800000,NE
Casillas,Jonathan,OLB,1400000,NE
Ayers,Akeem,OLB,1231629,NE
Hoomanawanui,Michael,TE,1200000,NE
Chung,Patrick,S,1100000,NE
Wilson,Tavon,S,1052096,NE
Collins,Jamie,OLB,940250,NE
Garoppolo,Jimmy,QB,870975,NE
Vereen,Shane,RB,865288,NE
Blount,LeGarrette,RB,865000,NE
Dobson,Aaron,WR,857093,NE
Branch,Alan,DT,855000,NE
Ridley,Stevan,RB,738375,NE
Ryan,Logan,CB,693313,NE
Harmon,Duron,S,677775,NE
Stork,Bryan,C,674250,NE
White,James,RB,654272,NE
White,Chris,ILB,645000,NE
Aiken,Danny,LS,645000,NE
Fleming,Cameron,G,630146,NE
Fleming,Darius,OLB,630000,NE
Cannon,Marcus,LT,584547,NE
Moore,Zach,DE,580550,NE
Gaffney,Tyler,RB,579150,NE
Jones,Chris,DT,563128,NE
Buchanan,Michael,DE,553403,NE
Ebner,Nate,S,549150,NE
Dennard,Alfonzo,CB,539462,NE
Develin,James,FB,525000,NE
Gordon,Cameron,OLB,515000,NE
Butler,Malcolm,CB,510000,NE
Wright,Tim,TE,498333,NE
Kline,Josh,G,496333,NE
Allen,Ryan,P,495500,NE
Tyms,Brian,WR,495000,NE
Vellano,Joe,DT,495000,NE
Bolden,Brandon,RB,485000,NE
Siliga,Sealver,DT,480000,NE
Boyce,Josh,WR,465000,NE
Devey,Jordan,G,465000,NE
Gray,Jonas,RB,465000,NE
Orton,Greg,WR,465000,NE
Morris,James,ILB,420000,NE
Harvin,Percy,WR,10707500,NYJ
Ferguson,D'Brickashaw,LT,10000000,NYJ
Harris,David,ILB,9000000,NYJ
Mangold,Nick,C,7725000,NYJ
Decker,Eric,WR,7250000,NYJ
Giacomini,Breno,RT,4500000,NYJ
Johnson,Chris,RB,4000000,NYJ
Vick,Michael,QB,4000000,NYJ
Kerley,Jeremy,WR,3500000,NYJ
Milliner,Dee,CB,3165250,NYJ
Folk,Nick,K,3000000,NYJ
Richardson,Sheldon,DE,2513500,NYJ
Pace,Calvin,OLB,2375000,NYJ
Coples,Quinton,OLB,2200699,NYJ
Pryor,Calvin,S,2140813,NYJ
Colon,Willie,G,2000000,NYJ
Ivory,Chris,RB,2000000,NYJ
Wilson,Kyle,CB,1981000,NYJ
Cumberland,Jeff,TE,1900000,NYJ
Wilkerson,Muhammad,DE,1718750,NYJ
Babin,Jason,DE,1600000,NYJ
Landry,Dawan,S,1500000,NYJ
Bellore,Nick,ILB,1431000,NYJ
Smith,Geno,QB,1254901,NYJ
Amaro,Jace,TE,1073248,NYJ
Ijalana,Benjamin,LT,1011374,NYJ
Douzable,Leger,DT,1000000,NYJ
Walls,Darrin,CB,950000,NYJ
Adams,Phillip,CB,795000,NYJ
Purdum,Tanner,LS,745000,NYJ
Conner,John,FB,730000,NYJ
Winters,Brian,G,725969,NYJ
McDougle,Dexter,CB,715969,NYJ
Davis,Demario,ILB,704490,NYJ
Cunningham,Jermaine,DE,680000,NYJ
Evans,Shaquelle,WR,667725,NYJ
Ellis,Kenrick,DT,655625,NYJ
Dozier,Dakota,G,630146,NYJ
Graham,T.J.,WR,615000,NYJ
Owusu,Chris,WR,615000,NYJ
Powell,Bilal,RB,610125,NYJ
Salas,Greg,WR,600000,NYJ
Johnson,Wesley,C,591140,NYJ
Aboushi,Oday,G,589750,NYJ
Powell,Walter,WR,580947,NYJ
Enemkpali,IK,OLB,574670,NYJ
Reilly,Trevor,OLB,569212,NYJ
Bohanon,Tommy,FB,555562,NYJ
Jarrett,Jaiquawn,S,525000,NYJ
Allen,Antonio,CB,525000,NYJ
Enunwa,Quincy,WR,525000,NYJ
Williams,Marcus,CB,510667,NYJ
Miles,Rontez,S,510000,NYJ
Freeman,Dalton,C,510000,NYJ
Barnes,T.J.,DT,510000,NYJ
Sudfeld,Zach,TE,499000,NYJ
Pantale,Chris,TE,496000,NYJ
Quigley,Ryan,P,495000,NYJ
Hakim,Saalim,WR,495000,NYJ
Harrison,Damon,DT,482333,NYJ
Simms,Matt,QB,450000,NYJ
Flacco,Joe,QB,20100000,BAL
Ngata,Haloti,DT,12131000,BAL
Webb,Lardarius,CB,8333333,BAL
Monroe,Eugene,LT,7500000,BAL
Yanda,Marshal,G,6400000,BAL
Pitta,Dennis,TE,6400000,BAL
Dumervil,Elvis,OLB,5200000,BAL
Suggs,Terrell,OLB,5175000,BAL
Zuttah,Jeremy,C,4083333,BAL
Smith,Steve,WR,3500000,BAL
Smith,Daryl,ILB,3400000,BAL
Jones,Jacoby,WR,3000000,BAL
Canty,Chris,DE,2666667,BAL
Koch,Sam,P,2500000,BAL
Mosley,C.J.,ILB,2197001,BAL
Smith,Jimmy,CB,1865425,BAL
Elam,Matt,S,1691751,BAL
Upshaw,Courtney,OLB,1324175,BAL
Stewart,Darian,S,1300000,BAL
McClellan,Albert,ILB,1100000,BAL
Jernigan,Timmy,DT,1095629,BAL
Daniels,Owen,TE,1000000,BAL
Brown,Arthur,ILB,888558,BAL
Ross,Aaron,CB,855000,BAL
Smith,Torrey,WR,847308,BAL
Osemele,Kelechi,LT,836468,BAL
Cox,Morgan,LS,805000,BAL
Miles,Jeromy,S,795000,BAL
Forsett,Justin,RB,730000,BAL
Gorrer,Danny,CB,730000,BAL
Cason,Antoine,CB,730000,BAL
Brooks,Terrence,S,717844,BAL
Gillmore,Crockett,TE,681504,BAL
Williams,Brandon,DT,668750,BAL
Pierce,Bernard,RB,663986,BAL
Reid,Jah,RT,650810,BAL
Gradkowski,Gino,C,646106,BAL
Taliaferro,Lorenzo,RB,630146,BAL
Urban,Brent,DE,630146,BAL
Juszczyk,Kyle,FB,615146,BAL
Urschel,John,G,591140,BAL
Wagner,Ricky,RT,576140,BAL
Campanaro,Michael,WR,571875,BAL
Rackley,Will,G,570000,BAL
Hill,Will,S,570000,BAL
Greenwood,Chris,CB,570000,BAL
Lewis-Moore,Kapron,DE,562058,BAL
Jackson,Asa,CB,561140,BAL
McPhee,Pernell,OLB,546140,BAL
Tyson,Deangelo,DE,536898,BAL
Taylor,Tyrod,QB,536327,BAL
Bilukidi,Christo,DT,525000,BAL
Jensen,Ryan,RT,525000,BAL
Guy,Lawrence,DE,525000,BAL
Hurst,James,LT,513000,BAL
Jacobs,Tramain,CB,511500,BAL
Butler,Jeremy,WR,511333,BAL
Orr,Zach,ILB,511000,BAL
Toussaint,Fitz,RB,510000,BAL
Means,Steven,DE,502500,BAL
Brown,Marlon,WR,496667,BAL
Levine,Anthony,S,495000,BAL
Aiken,Kamar,WR,495000,BAL
Trawick,Brynden,S,495000,BAL
Melvin,Rashaan,CB,495000,BAL
Tucker,Justin,K,480000,BAL
Supernaw,Phillip,TE,420000,BAL
Scales,Patrick,LS,420000,BAL
McDermott,Kevin,LS,420000,BAL
Walker,Casey,DT,420000,BAL
Dalton,Andy,QB,16000000,CIN
Atkins,Geno,DT,10665400,CIN
Whitworth,Andrew,LT,9762500,CIN
Hall,Leon,CB,9750000,CIN
Dunlap,Carlos,DE,7874000,CIN
Smith,Andre,RT,6000000,CIN
Green,A.J.,WR,4922025,CIN
Burfict,Vontaze,OLB,4751000,CIN
Nelson,Reggie,S,4500000,CIN
Peko,Domata,DT,4500000,CIN
Maualuga,Rey,ILB,3250000,CIN
Geathers,Robert,DE,3000000,CIN
Gresham,Jermaine,TE,2819000,CIN
Huber,Kevin,P,2800000,CIN
Newman,Terence,CB,2500000,CIN
Kirkpatrick,Dre,CB,2155699,CIN
Rey,Vincent,ILB,2100000,CIN
Gilberry,Wallace,DE,2100000,CIN
Eifert,Tyler,TE,2064000,CIN
Dennard,Darqueze,CB,1994725,CIN
Zeitler,Kevin,G,1886050,CIN
Jones,Adam-Pacman,CB,1783333,CIN
Pollak,Mike,G,1600000,CIN
Nugent,Mike,K,1500000,CIN
Campbell,Jason,QB,1500000,CIN
Bernard,Giovani,RB,1313466,CIN
Sanzenbacher,Dane,WR,1200000,CIN
Peerman,Cedric,RB,1082500,CIN
Tate,Brandon,WR,1024000,CIN
Harris,Clark,LS,990000,CIN
Hill,Jeremy,RB,938401,CIN
Hunt,Margus,DE,917776,CIN
Smith,Alex,TE,915000,CIN
Winston,Eric,RT,855000,CIN
Newhouse,Marshall,RT,805000,CIN
Mays,Taylor,S,795000,CIN
Clarke,Will,DE,705095,CIN
Little,Greg,WR,695000,CIN
Carter,Chris,OLB,695000,CIN
Williams,Shawn,S,690236,CIN
Sanu,Mohamed,WR,678313,CIN
Thompson,Brandon,DT,672800,CIN
Bodine,Russell,C,669114,CIN
Porter,Sean,ILB,647325,CIN
Boling,Clint,G,628112,CIN
McCarron,A.J.,QB,600413,CIN
Hawkinson,Tanner,G,585606,CIN
Flowers,Marquis,OLB,574670,CIN
Still,Devon,DT,570000,CIN
Wright,James,WR,567456,CIN
Jones,Marvin,WR,565700,CIN
Burkhead,Rex,RB,565550,CIN
Iloka,George,S,565075,CIN
Johnson,Nico,ILB,555000,CIN
Hopkins,Trey,G,515000,CIN
Hewitt,Ryan,FB,513333,CIN
Dimanche,Jayson,ILB,500000,CIN
Brock,Kevin,TE,495000,CIN
Lamur,Emmanuel,OLB,480000,CIN
Johnson,T.J.,C,465000,CIN
Lewis-Harris,Chris,CB,450000,CIN
Haden,Joe,CB,13500000,CLE
Thomas,Joe,LT,11500000,CLE
Mack,Alex,C,8400000,CLE
Kruger,Paul,OLB,8100000,CLE
Whitner,Donte,S,7000000,CLE
Bryant,Desmond,DE,6800000,CLE
Rubin,Ahtyba,DT,6625000,CLE
Dansby,Karlos,ILB,6000000,CLE
Mingo,Barkevious,OLB,4086750,CLE
Hawkins,Andrew,WR,3400000,CLE
Gilbert,Justin,CB,3208376,CLE
Manziel,Johnny,QB,2062149,CLE
Taylor,Phil,DE,2023313,CLE
Austin,Miles,WR,2000000,CLE
Dray,Jim,TE,1875000,CLE
Greco,John,G,1605000,CLE
McQuistan,Paul,LT,1500000,CLE
Bitonio,Joel,G,1365425,CLE
Gordon,Josh,WR,1335412,CLE
Schwartz,Mitchell,RT,1292710,CLE
Sheard,Jabaal,DE,1272563,CLE
Barnidge,Gary,TE,1250000,CLE
Hoyer,Brian,QB,982500,CLE
Leonhard,Jim,S,855000,CLE
Yount,Christian,LS,842000,CLE
Hartley,Garret,K,800000,CLE
Kirksey,Christian,ILB,760000,CLE
Moore,Marlon,WR,730000,CLE
Thigpen,Tyler,QB,730000,CLE
McDonald,Nick,C,703750,CLE
West,Terrance,RB,695850,CLE
Hughes,John,DE,661035,CLE
Desir,Pierre,CB,656903,CLE
Fua,Sione,DT,645000,CLE
Benjamin,Travis,WR,644250,CLE
Cameron,Jordan,TE,629350,CLE
Robertson,Craig,ILB,570000,CLE
Draughn,Shaun,RB,570000,CLE
Skrine,Buster,CB,560500,CLE
Bryant,Armonty,OLB,555150,CLE
Poyer,Jordan,S,555064,CLE
Bowie,Michael,RT,551474,CLE
Williams,K'Wuan,CB,550000,CLE
Winn,Billy,DE,544670,CLE
Carder,Tank,ILB,525000,CLE
Smith,Andre,TE,525000,CLE
Solomon,Scott,OLB,525000,CLE
Crowell,Isaiah,RB,513333,CLE
Shaw,Connor,QB,511667,CLE
Meder,Jamie,DT,511167,CLE
Gabriel,Taylor,WR,510000,CLE
Nelson,Robert,CB,510000,CLE
Winston,Glenn,RB,510000,CLE
McDonald,Andrew,RT,510000,CLE
Smith,Rodney,WR,499000,CLE
Eubanks,Darius,S,497667,CLE
Seymour,Ryan,G,495000,CLE
Bademosi,Johnson,CB,480833,CLE
Gipson,Tashaun,S,480500,CLE
Kitchen,Ishmaa'ily,DT,480000,CLE
Hughlett,Charley,LS,465000,CLE
Painter,Vinston,RT,465000,CLE
Bates,Phil,WR,465000,CLE
Lanning,Spencer,P,450000,CLE
Roethlisberger,Ben,QB,14664417,PIT
Worilds,Jason,OLB,9754000,PIT
Timmons,Lawrence,ILB,9559150,PIT
Pouncey,Maurkice,C,8827325,PIT
Brown,Antonio,WR,8392000,PIT
Gilbert,Marcus,RT,6163000,PIT
Allen,Cortez,CB,6150000,PIT
Polamalu,Troy,S,5875000,PIT
Mitchell,Mike,S,5000000,PIT
Miller,Heath,TE,4000000,PIT
Suisham,Shaun,K,3201667,PIT
Taylor,Ike,CB,2750000,PIT
McLendon,Steve,DT,2416667,PIT
Shazier,Ryan,ILB,2376803,PIT
Jones,Jarvis,OLB,2176376,PIT
Thomas,Cam,DE,2000000,PIT
DeCastro,David,G,1953475,PIT
Foster,Ramon,G,1833333,PIT
Heyward,Cameron,DE,1676257,PIT
Gradkowski,Bruce,QB,1650000,PIT
Moore,Lance,WR,1500000,PIT
Gay,William,CB,1500000,PIT
Keisel,Brett,DE,1500000,PIT
Wallace,Cody,C,1160000,PIT
Tuitt,Stephon,DE,1152362,PIT
Bell,Le'Veon,RB,1030150,PIT
Allen,Will,S,1020000,PIT
Harrison,James,OLB,1020000,PIT
Spaeth,Matt,TE,1000000,PIT
Warren,Greg,LS,920000,PIT
Adams,Mike,LT,885913,PIT
Moats,Arthur,OLB,795000,PIT
McCain,Brice,CB,795000,PIT
Heyward-Bey,Darrius,WR,795000,PIT
Geathers,Clifton,DE,730000,PIT
Palmer,Michael,TE,730000,PIT
Wheaton,Markus,WR,702844,PIT
Archer,Dri,RB,687004,PIT
Spence,Sean,ILB,676345,PIT
Bryant,Martavis,WR,664805,PIT
Thomas,Shamarko,S,653288,PIT
Webb,B.W.,CB,650845,PIT
Jones,Landry,QB,649805,PIT
Ventrone,Ross,S,630000,PIT
Zumwalt,Jordan,ILB,581213,PIT
McCullers,Daniel,DT,574670,PIT
Williams,Vince,ILB,559670,PIT
Beachum,Kelvin,LT,536474,PIT
Harris,Josh,RB,510000,PIT
Garvin,Terence,ILB,495667,PIT
Blake,Antwon,CB,482500,PIT
Golden,Robert,S,481667,PIT
Johnson,Will,FB,480000,PIT
Hubbard,Chris,G,465000,PIT
Wing,Brad,P,420000,PIT
Browning,Bryant,LT,420000,PIT
Watt,J.J.,DE,16667571,HOU
Joseph,Johnathan,CB,9750000,HOU
Johnson,Andre,WR,9685714,HOU
Brown,Duane,LT,8900000,HOU
Cushing,Brian,ILB,8750000,HOU
Foster,Arian,RB,8700000,HOU
Myers,Chris,C,6250000,HOU
Clowney,Jadeveon,OLB,5568250,HOU
Graham,Garrett,TE,3750000,HOU
Fitzpatrick,Ryan,QB,3625000,HOU
Jackson,Kareem,CB,2704000,HOU
Mercilus,Whitney,OLB,1908522,HOU
Hopkins,DeAndre,WR,1906676,HOU
Lechler,Shane,P,1833333,HOU
Su'a-Filo,Xavier,G,1387900,HOU
Clabo,Tyson,RT,1200000,HOU
Reed,Brooks,OLB,1175441,HOU
Pickett,Ryan,DT,955000,HOU
Yeatman,Will,LT,950000,HOU
Jamison,Tim,DE,900000,HOU
Swearinger,D.J.,S,872825,HOU
Manning,Danieal,S,855000,HOU
Fiedorowicz,C.J.,TE,798779,HOU
Lewis,Kendrick,S,795000,HOU
Posey,DeVier,WR,740523,HOU
Mallett,Ryan,QB,736957,HOU
Weeks,Jon,LS,725000,HOU
Nix,Louis,DT,713063,HOU
Brooks,Brandon,G,700000,HOU
Lewis,Thaddeus,QB,695000,HOU
Dent,Akeem,ILB,691975,HOU
Jones,Ben,C,645362,HOU
Powe,Jerrell,DT,645000,HOU
Savage,Tom,QB,630146,HOU
Martin,Keshawn,WR,628140,HOU
Crick,Jared,DE,622875,HOU
Tarpinian,Jeff,OLB,600000,HOU
Pagan,Jeoffrey,DE,587205,HOU
Blue,Alfred,RB,584483,HOU
Prosch,Jay,FB,574670,HOU
Hal,Andre,S,572281,HOU
Mohamed,Mike,ILB,570000,HOU
Quessenberry,David,LT,568363,HOU
Ballentine,Lonnie,S,566474,HOU
Bonner,Alan,WR,564250,HOU
Griffin,Ryan,TE,559670,HOU
Bullock,Randy,K,550777,HOU
Grimes,Johnathan,RB,545000,HOU
Newton,Derek,RT,525064,HOU
Witzmann,Bryan,RT,512667,HOU
Bullough,Max,ILB,511000,HOU
Rolle,Jumal,CB,510000,HOU
Denham,Anthony,TE,510000,HOU
Browner,Keith,DE,510000,HOU
Ankrah,Jason,DE,510000,HOU
Morris,Darryl,CB,497667,HOU
Bouye,A.J.,CB,496667,HOU
Aubrey,Josh,S,496667,HOU
Tuggle,Justin,ILB,495833,HOU
Simon,John,OLB,495000,HOU
Johnson,Damaris,WR,485000,HOU
Keenum,Case,QB,484000,HOU
White,Cody,C,480000,HOU
Adams,Jeff,G,465000,HOU
Pleasant,Eddie,S,430000,HOU
Davis,Vontae,CB,9000000,IND
Mathis,Robert,OLB,9000000,IND
Cherilus,Gosder,RT,7000000,IND
Jones,Arthur,DT,6600000,IND
Landry,LaRon,S,6000000,IND
Wayne,Reggie,WR,5833333,IND
Luck,Andrew,QB,5527000,IND
Jackson,D'Qwell,ILB,5500000,IND
JeanFrancois,Ricky,DE,5500000,IND
Richardson,Trent,RB,5122449,IND
Toler,Greg,CB,4750000,IND
Nicks,Hakeem,WR,4000000,IND
Walden,Erik,OLB,4000000,IND
Hasselbeck,Matt,QB,3625000,IND
Redding,Cory,DE,3500000,IND
Thomas,Donald,G,3500000,IND
McAfee,Pat,P,2900000,IND
Phillips,Shaun,DE,2500000,IND
Vinatieri,Adam,K,2500000,IND
Castonzo,Anthony,LT,2000274,IND
Butler,Darius,CB,2000000,IND
Werner,Bjoern,OLB,1974100,IND
Reitz,Joe,G,1431000,IND
Gordy,Josh,CB,1431000,IND
Moala,Fili,DE,1400000,IND
Brown,Sergio,S,1400000,IND
Fleener,Coby,TE,1335412,IND
Adams,Mike,S,1020000,IND
Mewhort,Jack,RT,893450,IND
Cribbs,Joshua,WR,855000,IND
Bradshaw,Ahmad,RB,855000,IND
Anderson,Colt,S,795000,IND
Allen,Dwayne,TE,770076,IND
Louis,Lance,G,737500,IND
Studebaker,Andy,OLB,722500,IND
Moncrief,Donte,WR,702130,IND
Brown,Jalil,CB,695000,IND
Thornton,Hugh,G,683845,IND
Hilton,T.Y.,WR,660600,IND
Holmes,Khaled,C,645027,IND
Morgan,Aaron,DE,615000,IND
Newsome,Jonathan,OLB,599527,IND
Hughes,Montori,DE,590493,IND
John,Ulrick,LT,569462,IND
Ballard,Vick,RB,561140,IND
Chapman,Josh,DT,537628,IND
Harrison,Jonotthan,C,512500,IND
Kerr,Zach,DT,512000,IND
Muamba,Henoc,ILB,510000,IND
Jackson,Andrew,ILB,510000,IND
Doyle,Jack,TE,496667,IND
Pendleton,Jeris,DT,495000,IND
Freeman,Jerrell,ILB,486667,IND
Howell,Delano,S,480000,IND
Overton,Matt,LS,480000,IND
Shipley,A.Q.,C,480000,IND
Herron,Dan,RB,480000,IND
Loiseau,Shawn,LB,465000,IND
Tipton,Zurlon,RB,465000,IND
Hall,Matt,RT,465000,IND
McDonald,Dewey,S,465000,IND
Price,Sheldon,CB,465000,IND
Whalen,Griff,WR,450000,IND
Nixon,Xavier,LT,450000,IND
Adongo,Daniel,OLB,450000,IND
McNary,Josh,ILB,450000,IND
Johnson,Cam,OLB,397500,IND
Posluszny,Paul,ILB,7500000,JAX
Lewis,Marcedes,TE,6800000,JAX
Beadles,Zane,G,6000000,JAX
Joeckel,Luke,LT,5300400,JAX
Bortles,Blake,QB,5163703,JAX
Bryant,Red,DE,4750000,JAX
Blackmon,Justin,WR,4628003,JAX
Marks,Sen'Derrick,DT,4500000,JAX
Alualu,Tyson,DT,4379800,JAX
Clemons,Chris,DE,4375000,JAX
Hood,Evander,DE,4000000,JAX
Henne,Chad,QB,4000000,JAX
Gerhart,Toby,RB,3500000,JAX
Scobee,Josh,K,3450000,JAX
Miller,Roy,DT,2200000,JAX
Harbor,Clay,TE,1500000,JAX
Cyprien,John,S,1367276,JAX
Lee,Marqise,WR,1293506,JAX
Branch,Andre,DE,1272484,JAX
Hayes,Geno,OLB,1000000,JAX
Blackmon,Will,CB,937500,JAX
Robinson,Allen,WR,877718,JAX
Ball,Alan,CB,837500,JAX
Young,Sam,LT,787500,JAX
Gratz,Dwayne,CB,775163,JAX
Doss,Tandon,WR,752500,JAX
Martin,Sherrod,S,730000,JAX
Anger,Bryan,P,719292,JAX
Linder,Brandon,G,697400,JAX
Campbell,Tommie,CB,695000,JAX
Colvin,Aaron,CB,668288,JAX
Shorts,Cecil,WR,668037,JAX
Sanders,Ace,WR,660362,JAX
Todman,Jordan,RB,645000,JAX
Smith,Telvin,OLB,607763,JAX
Smith,Chris,DE,601813,JAX
McClendon,Jacques,C,600000,JAX
Robinson,Denard,RB,593403,JAX
Bowanko,Luke,C,578513,JAX
Evans,Josh,S,572205,JAX
Johnson,Storm,RB,570682,JAX
Williams,Teddy,CB,570000,JAX
Ta'ufo'ou,Will,FB,570000,JAX
Onobun,Fendi,TE,570000,JAX
Pasztor,Austin,G,570000,JAX
Harris,Jeremy,CB,557225,JAX
McCray,Demetrius,CB,556741,JAX
Ewing,Bradie,FB,552298,JAX
Edds,A.J.,OLB,540000,JAX
Hurns,Allen,WR,515000,JAX
Copeland,Damian,WR,511667,JAX
Reynolds,Rashaad,CB,511667,JAX
Morris,Stephen,QB,511667,JAX
Shatley,Tyler,G,511667,JAX
Wells,Josh,RT,511000,JAX
Loston,Craig,S,510000,JAX
Lotulelei,John,OLB,503333,JAX
Daniels,Matt,S,502500,JAX
Reynolds,LaRoy,ILB,495833,JAX
Tinker,Carson,LS,495833,JAX
Jones,Abry,DT,495833,JAX
Thomas,J.T.,OLB,495629,JAX
Fortt,Khairi,OLB,465000,JAX
Streeter,Tommy,WR,465000,JAX
George,Jeremiah,OLB,465000,JAX
Jacobs,Nic,TE,465000,JAX
Davis,Ryan,DE,450000,JAX
Casey,Jurrell,DE,9000000,TEN
Levitre,Andy,G,7800000,TEN
McCourty,Jason,CB,7173333,TEN
Roos,Michael,LT,7166667,TEN
Griffin,Michael,S,7000000,TEN
Oher,Michael,LT,5000000,TEN
Washington,Nate,WR,4466667,TEN
Walker,Delanie,TE,4375000,TEN
Woodyard,Wesley,ILB,3937500,TEN
LeeHill,Sammie,DT,3800000,TEN
Greene,Shonn,RB,3333333,TEN
Pollard,Bernard,S,3150000,TEN
Locker,Jake,QB,3146501,TEN
Morgan,Derrick,OLB,3079002,TEN
Warmack,Chance,G,3041663,TEN
Wimbley,Kamerion,OLB,3000000,TEN
McCluster,Dexter,RB,3000000,TEN
Lewan,Taylor,LT,2871251,TEN
Pitoitua,Ropati,DE,2866667,TEN
Stevens,Craig,TE,2600000,TEN
Whitehurst,Charlie,QB,2125000,TEN
Wright,Kendall,WR,2054613,TEN
Wilson,George,S,2000000,TEN
Woods,Al,DT,2000000,TEN
Hunter,Justin,WR,1356037,TEN
Kern,Brett,P,1298125,TEN
Brown,Zach,ILB,964575,TEN
Sankey,Bishop,RB,960862,TEN
Spencer,Chris,G,920000,TEN
Washington,Leon,RB,920000,TEN
Svitek,Will,LT,855000,TEN
Hagan,Derek,WR,855000,TEN
Battle,Jackie,FB,855000,TEN
Harris,Brandon,CB,824832,TEN
Succop,Ryan,K,745000,TEN
Meredith,Jamon,RT,737500,TEN
Wreh-Wilson,Blidi,CB,734331,TEN
Coffman,Chase,TE,730000,TEN
Mulligan,Matthew,TE,730000,TEN
Palmer,Jordan,QB,730000,TEN
Groves,Quentin,OLB,730000,TEN
Martin,Mike,DT,681890,TEN
Gooden,Zaviar,ILB,670254,TEN
Jones,DaQuan,DE,668850,TEN
Huff,Marqueston,S,661301,TEN
Schwenke,Brian,C,656065,TEN
Olsen,Eric,C,645000,TEN
Durham,Kris,WR,645000,TEN
Sensabaugh,Coty,CB,633023,TEN
McCarthy,Colin,ILB,623850,TEN
Williamson,Avery,ILB,603613,TEN
Mettenberger,Zach,QB,586279,TEN
Thompson,Taylor,TE,574500,TEN
Burnett,Kaelin,OLB,570000,TEN
Klug,Karl,DT,558613,TEN
Stafford,Daimion,S,551474,TEN
Moch,Dontay,DE,540000,TEN
Stingily,Byron,RT,537625,TEN
Thomas,Jemea,CB,535000,TEN
Ikard,Gabe,C,513333,TEN
Stewart,Josh,WR,512500,TEN
Richardson,Rico,WR,505000,TEN
Jones,Terren,LT,495000,TEN
Brinkley,Beau,LS,486667,TEN
Wooten,Khalid,S,483750,TEN
Staples,Justin,OLB,465000,TEN
Andrews,Antonio,RB,465000,TEN
Brackett,Brett,TE,420000,TEN
Manning,Peyton,QB,19200000,DEN
Clady,Ryan,LT,10500000,DEN
Ware,DeMarcus,OLB,10000000,DEN
Talib,Aqib,CB,9500000,DEN
Welker,Wes,WR,6000000,DEN
Vasquez,Louis,G,5875000,DEN
Ward,T.J.,S,5625000,DEN
Miller,Von,OLB,5250095,DEN
Sanders,Emmanuel,WR,5000000,DEN
Colquitt,Britton,P,3892333,DEN
Thomas,Demaryius,WR,2830100,DEN
Tamme,Jacob,TE,2708333,DEN
Knighton,Terrance,DT,2250000,DEN
Harris,Chris,CB,2187000,DEN
Williams,Sylvester,DT,1895438,DEN
Clark,Chris,RT,1738500,DEN
Roby,Bradley,CB,1738132,DEN
Bruton,David,S,1500000,DEN
Unrein,Mitch,DT,1431000,DEN
Caldwell,Andre,WR,1350000,DEN
Montgomery,Will,C,1325000,DEN
Wolfe,Derek,DE,1301700,DEN
Moore,Rahim,S,1112032,DEN
Franklin,Orlando,G,1089000,DEN
Ramirez,Manuel,G,1050000,DEN
Latimer,Cody,WR,927163,DEN
Osweiler,Brock,QB,879170,DEN
Ball,Montee,RB,866082,DEN
Barth,Connor,K,773333,DEN
Hillman,Ronnie,RB,750208,DEN
Carter,Tony,CB,730000,DEN
Norwood,Jordan,WR,695000,DEN
Schofield,Michael,RT,694300,DEN
Webster,Kayvon,CB,686450,DEN
Irving,Nate,ILB,683750,DEN
Bolden,Omar,S,643607,DEN
Carter,Quinton,S,623750,DEN
Stewart,Jeremy,RB,615000,DEN
Bush,Josh,S,615000,DEN
Austin,Marvin,DT,615000,DEN
Barrow,Lamin,ILB,602790,DEN
Smith,Quanterus,DE,588000,DEN
Jackson,Malik,DE,578403,DEN
Jones,Dominique,TE,570000,DEN
Nelson,Corey,ILB,567150,DEN
Trevathan,Danny,ILB,551018,DEN
Green,Virgil,TE,526236,DEN
Thompson,Juwan,RB,511167,DEN
Anunike,Kenny,DE,510833,DEN
McCray,Lerentee,OLB,500667,DEN
Anderson,C.J.,RB,499167,DEN
Marshall,Brandon,ILB,495000,DEN
Johnson,Steven,ILB,484000,DEN
Brewer,Aaron,LS,481333,DEN
Davis,Todd,ILB,465000,DEN
McManus,Brandon,K,465000,DEN
Thomas,Julius,TE,420750,DEN
Cornick,Paul,RT,420000,DEN
Garland,Ben,G,420000,DEN
Youboty,John,DE,420000,DEN
Smith,Alex,QB,17000000,KC
Hali,Tamba,OLB,11500000,KC
Bowe,Dwayne,WR,11200000,KC
Charles,Jamaal,RB,9050000,KC
Berry,Eric,S,8340717,KC
Bailey,Allen,DE,6250000,KC
Fisher,Eric,LT,5547625,KC
Johnson,Derrick,ILB,5530000,KC
Smith,Sean,CB,5500000,KC
DeVito,Mike,DE,4200000,KC
Fasano,Anthony,TE,4000000,KC
Colquitt,Dustin,P,3750000,KC
Walker,Vance,DE,3340000,KC
Daniel,Chase,QB,3333333,KC
Mays,Joe,ILB,3000000,KC
Avery,Donnie,WR,2850000,KC
Poe,Dontari,DT,2830002,KC
Sherman,Anthony,FB,2333333,KC
Ford,Dee,OLB,2039675,KC
Jenkins,A.J.,WR,1736883,KC
Allen,Jeff,G,1160956,KC
Abdullah,Husain,S,1137500,KC
McGlynn,Mike,G,1125000,KC
Linkenbach,Jeff,RT,900000,KC
Hudson,Rodney,C,876525,KC
Avant,Jason,WR,855000,KC
Vickerson,Kevin,DT,855000,KC
Zombo,Frank,OLB,812500,KC
Owens,Christopher,CB,800000,KC
Kelce,Travis,TE,781576,KC
Gafford,Thomas,LS,755000,KC
Coleman,Kurt,S,730000,KC
Harris,Ryan,LT,730000,KC
Gaines,Phillip,CB,706028,KC
Stephenson,Donald,LT,703125,KC
Houston,Justin,OLB,696562,KC
Davis,Knile,RB,685254,KC
Thomas,De'Anthony,WR,666277,KC
Gordon,Richard,TE,645000,KC
Mauga,Josh,ILB,645000,KC
McKnight,Joe,RB,645000,KC
Howard,Jaye,DT,633716,KC
Johnson,James-Michael,OLB,628977,KC
Fleming,Jamell,CB,615000,KC
Murray,Aaron,QB,600606,KC
Commings,Sanders,S,600128,KC
Parker,Ron,S,600000,KC
Fulton,Zach,G,587305,KC
Duvernay-Tardif,Laurent,G,586325,KC
Kush,Eric,G,577529,KC
Catapano,Mike,DE,563531,KC
Gray,Cyrus,RB,558168,KC
Cooper,Marcus,CB,551474,KC
Wilson,Albert,WR,513333,KC
Santos,Cairo,K,510667,KC
Bray,Tyler,QB,498333,KC
Moses,Dezman,OLB,481167,KC
West,Charcandrick,RB,465000,KC
Williams,Nick,DE,465000,KC
Hammond,Frankie,WR,465000,KC
Sorensen,Daniel,S,465000,KC
McCray,Kelcie,S,458333,KC
Hemingway,Junior,WR,455000,KC
Martin,Josh,OLB,450000,KC
Harris,Demetrius,TE,420000,KC
Schaub,Matt,QB,6750000,OAK
Branch,Tyvon,S,6650000,OAK
Howard,Austin,RT,6000000,OAK
Woodley,LaMarr,OLB,5175000,OAK
Tuck,Justin,DE,5000000,OAK
Penn,Donald,LT,4800000,OAK
Mack,Khalil,OLB,4669250,OAK
Smith,Antonio,DE,4500000,OAK
Janikowski,Sebastian,K,3775000,OAK
Reece,Marcel,FB,3673333,OAK
Brown,Tarell,CB,3500000,OAK
Jones,James,WR,3333333,OAK
Roach,Nick,ILB,3250000,OAK
Hayden,D.J.,CB,2580925,OAK
Rogers,Carlos,CB,2500000,OAK
Woodson,Charles,S,2500000,OAK
Jones-Drew,Maurice,RB,2500000,OAK
McFadden,Darren,RB,1750000,OAK
Jones,Taiwan,RB,1451667,OAK
Sims,Pat,DT,1450000,OAK
Carr,Derek,QB,1342950,OAK
Boothe,Kevin,G,1312500,OAK
Brown,Vincent,WR,1250000,OAK
Barnes,Khalif,LT,1200000,OAK
Watson,Menelik,RT,1198713,OAK
Young,Usama,S,1167500,OAK
Condo,Jon,LS,1066667,OAK
Wisniewski,Stefen,C,1033851,OAK
Wilson,C.J.,DE,795000,OAK
Moore,Sio,ILB,763708,OAK
Jackson,Gabe,G,738197,OAK
Ellis,Justin,DE,673172,OAK
McGill,Keith,CB,666300,OAK
Bergstrom,Tony,C,651504,OAK
Chekwa,Chimdi,CB,645000,OAK
Dowling,Ras-I,CB,615000,OAK
Burris,Miles,ILB,600146,OAK
Holmes,Andre,WR,600000,OAK
Carrie,Travis,CB,571741,OAK
Kasa,Nick,TE,570150,OAK
Olawale,Jamize,FB,570000,OAK
Murray,Latavius,RB,566550,OAK
Dowling,Jonathan,S,566474,OAK
Rivera,Mychal,TE,566213,OAK
McGee,Stacy,DT,559670,OAK
Moore,Denarius,WR,557513,OAK
Butler,Brice,WR,556875,OAK
Sheets,Kory,RB,525000,OAK
Ausberry,David,TE,521475,OAK
Simonson,Scott,TE,510333,OAK
Ross,Brandian,CB,502935,OAK
Thompkins,Kenbrell,WR,495833,OAK
Thorpe,Neiko,CB,495000,OAK
Mayowa,Benson,OLB,495000,OAK
Armstrong,Ray-Ray,OLB,495000,OAK
Asante,Larry,S,495000,OAK
McCants,Matt,RT,495000,OAK
McGloin,Matt,QB,495000,OAK
Streater,Rod,WR,483333,OAK
Leonhardt,Brian,TE,465000,OAK
Lumpkin,Ricky,DT,465000,OAK
Atkinson,George,RB,465000,OAK
Harris,Shelby,DE,465000,OAK
Autry,Denico,DE,465000,OAK
Filimoeatu,Bojay,ILB,465000,OAK
King,Marquette,P,455333,OAK
Casey,Chance,CB,450000,OAK
Hadley,Spencer,OLB,427500,OAK
Rivers,Philip,QB,15300000,SD
Weddle,Eric,S,8000000,SD
Butler,Donald,ILB,7400000,SD
Gates,Antonio,TE,7235000,SD
Mathews,Ryan,RB,4730000,SD
Hardwick,Nick,C,4416667,SD
Floyd,Malcom,WR,3850000,SD
Scifres,Mike,P,3625000,SD
Royal,Eddie,WR,3500000,SD
Brown,Donald,RB,3500000,SD
Flowers,Brandon,CB,3000000,SD
Fluker,D.J.,G,2850625,SD
Woodhead,Danny,RB,2750000,SD
Rinehart,Chad,G,2550000,SD
Freeney,Dwight,OLB,2500000,SD
Ingram,Melvin,OLB,2099559,SD
Liuget,Corey,DT,2078936,SD
Lissemore,Sean,DT,2000000,SD
Johnson,Jarret,OLB,2000000,SD
Verrett,Jason,CB,1972251,SD
Stuckey,Darrell,S,1900000,SD
Dunlap,King,LT,1850000,SD
Phillips,John,TE,1758333,SD
Novak,Nick,K,1650000,SD
Clary,Jeromey,G,1600000,SD
Clemens,Kellen,QB,1500000,SD
Te'o,Manti,ILB,1293105,SD
Attaochu,Jeremiah,OLB,1050775,SD
Reyes,Kendall,DE,1031998,SD
Walker,Reggie,ILB,1025000,SD
Gilchrist,Marcus,S,988900,SD
McBriar,Mat,P,955000,SD
Conner,Kavell,ILB,900000,SD
Brown,Ronnie,RB,855000,SD
Johnson,David,FB,850000,SD
Windt,Mike,LS,841250,SD
Ohrnberger,Rich,C,795000,SD
Ajirotutu,Seyi,WR,795000,SD
Legursky,Doug,C,730000,SD
Mathews,Ricardo,DT,730000,SD
Watt,Chris,C,704160,SD
Allen,Keenan,WR,703450,SD
Wright,Shareece,CB,646035,SD
Green,Ladarius,TE,637725,SD
Smith,Willie,LT,600000,SD
Carrethers,Ryan,DT,599633,SD
Williams,Steve,CB,588200,SD
Troutman,Johnnie,G,572938,SD
Williams,Tourek,OLB,567515,SD
Gachkar,Andrew,OLB,521475,SD
Palepoi,Tenny,DT,514167,SD
Davis,Chris,CB,512000,SD
Scioneaux,Alvin,ILB,511000,SD
Tjong-A-Tjoe,Ricky,DT,510833,SD
Watts,Craig,G,510000,SD
Oliver,Branden,RB,510000,SD
Ducre,Greg,CB,510000,SD
Sirles,Jeremiah,G,510000,SD
Wiggins,Kenny,G,502500,SD
Square,Damion,DE,497500,SD
Addae,Jahleel,S,496667,SD
Robinson,Trevor,C,482000,SD
Inman,Dontrelle,WR,472500,SD
Law,Cordarro,OLB,465000,SD
Scafe,Damik,DE,465000,SD
Baca,Jeff,G,465000,SD
Romo,Tony,QB,18000000,DAL
Smith,Tyron,LT,12200000,DAL
Carr,Brandon,CB,10020000,DAL
Witten,Jason,TE,7400000,DAL
Lee,Sean,OLB,7000000,DAL
Melton,Henry,DT,6875250,DAL
Claiborne,Morris,CB,4066126,DAL
Free,Doug,RT,3500000,DAL
Bailey,Dan,K,3214286,DAL
Scandrick,Orlando,CB,3000000,DAL
Bryant,Dez,WR,2362100,DAL
Martin,Zack,G,2241950,DAL
Church,Barry,S,2206750,DAL
Spencer,Anthony,OLB,2000000,DAL
Frederick,Travis,C,1717507,DAL
Bernadeau,Mackenzy,C,1550000,DAL
Mincey,Jeremy,DE,1500000,DAL
Lawrence,DeMarcus,DE,1376663,DAL
Parnell,Jermey,RT,1354363,DAL
Carter,Bruce,ILB,1213650,DAL
Durant,Justin,ILB,1200000,DAL
Watson,Dekoda,OLB,1125000,DAL
Ladouceur,L.P.,LS,1100000,DAL
Escobar,Gavin,TE,1052623,DAL
McClain,Terrell,DT,1016667,DAL
Okoye,Amobi,DT,800000,DAL
Murray,DeMarco,RB,743360,DAL
Spillman,C.J.,S,730000,DAL
Hills,Tony,LT,730000,DAL
Anderson,James,OLB,730000,DAL
Williams,Terrance,WR,724243,DAL
Wilcox,J.J.,S,702767,DAL
McClain,Rolando,ILB,700000,DAL
Brent,Josh,DT,695000,DAL
Crawford,Tyrone,DT,685063,DAL
Selvie,George,DE,680000,DAL
Hayden,Nick,DT,680000,DAL
Hitchens,Anthony,ILB,663716,DAL
Wilber,Kyle,OLB,634805,DAL
Weeden,Brandon,QB,615000,DAL
Crawford,Jack,DE,615000,DAL
Street,Devin,WR,605493,DAL
Moore,Sterling,CB,600000,DAL
Clutts,Tyler,FB,600000,DAL
Randle,Joseph,RB,587205,DAL
Gardner,Ben,DE,569794,DAL
Holloman,DeVonte,OLB,566055,DAL
Hanna,James,TE,551213,DAL
Harris,Dwayne,WR,545015,DAL
Boatright,Kenneth,DE,516000,DAL
Whaley,Chris,DT,511667,DAL
Patmon,Tyler,CB,510000,DAL
Hawkins,Donald,G,510000,DAL
Lawrence,Cameron,OLB,495667,DAL
Heath,Jeff,S,495667,DAL
Leary,Ron,G,483000,DAL
Dunbar,Lance,RB,480500,DAL
Beasley,Cole,WR,480500,DAL
Weems,Darrion,RT,480000,DAL
Jones,Chris,P,465000,DAL
Smith,Keith,OLB,465000,DAL
Manning,Eli,QB,16250000,NYG
Cruz,Victor,WR,8600000,NYG
Beatty,William,LT,7500000,NYG
Rolle,Antrel,S,7420000,NYG
Rodgers-Cromartie,Dominique,CB,7000000,NYG
Kiwanuka,Mathias,DE,5916667,NYG
Beason,Jon,ILB,5666667,NYG
Schwartz,Geoff,G,4200000,NYG
Pierre-Paul,Jason,DE,3216800,NYG
Thurmond,Walter,S,3000000,NYG
Walton,J.D.,C,3000000,NYG
Brown,Stevie,S,2750000,NYG
Jenkins,Cullen,DE,2666667,NYG
"Beckham,Jr.",Odell,WR,2601550,NYG
Jennings,Rashad,RB,2500000,NYG
McClain,Jameel,ILB,2250000,NYG
Pugh,Justin,G,2086475,NYG
Amukamara,Prince,CB,2045225,NYG
Weatherford,Steve,P,1883333,NYG
Ayers,Robert,DE,1875000,NYG
Wilson,David,RB,1671126,NYG
McBride,Trumaine,CB,1437500,NYG
Paysinger,Spencer,OLB,1431000,NYG
Brown,Josh,K,1250000,NYG
Richburg,Weston,C,1219338,NYG
DeOssie,Zak,LS,1150000,NYG
Hankins,Johnathan,DT,1007672,NYG
Hynoski,Henry,FB,1000000,NYG
Demps,Quintin,S,1000000,NYG
Herzlich,Mark,OLB,1000000,NYG
Patterson,Mike,DT,920000,NYG
Hillis,Peyton,RB,900000,NYG
Snyder,Adam,G,855000,NYG
Randle,Rueben,WR,822983,NYG
Bowman,Zackary,CB,795000,NYG
Jerry,John,G,795000,NYG
Bromley,Jay,DT,750903,NYG
Ogbonnaya,Chris,RB,730000,NYG
Ogletree,Kevin,WR,730000,NYG
Fells,Daniel,TE,730000,NYG
Moore,Damontre,DE,700063,NYG
Kropog,Troy,RT,695000,NYG
Jernigan,Jerrel,WR,672563,NYG
Williams,Andre,RB,668400,NYG
Hosley,Jayron,CB,659375,NYG
Nassib,Ryan,QB,653400,NYG
Robinson,Adrien,TE,621413,NYG
Brewer,James,G,619273,NYG
Manning,Terrell,ILB,615000,NYG
Parker,Preston,WR,615000,NYG
Berhe,Nat,S,603200,NYG
Mosley,Brandon,G,600146,NYG
Kennard,Devon,OLB,591140,NYG
Taylor,Cooper,S,586813,NYG
Gettis,Adam,G,577500,NYG
Reynolds,Dallas,G,570000,NYG
Harris,Mike,CB,570000,NYG
Brown,Chykie,CB,546140,NYG
Cox,Michael,RB,540000,NYG
Kuhn,Markus,DT,536474,NYG
Williams,Jacquian,OLB,529670,NYG
Wynn,Kerry,DE,512500,NYG
Washington,Corey,WR,510500,NYG
Davidson,James,DE,510000,NYG
Hazel,Paul,DE,495833,NYG
Howard,Travis,CB,465000,NYG
Gaines,Rogers,LT,465000,NYG
Cunningham,Jerome,TE,465000,NYG
Darkwa,Orleans,RB,465000,NYG
Hamilton,Dominique,DE,465000,NYG
Harris,Marcus,WR,465000,NYG
Donnell,Larry,TE,450000,NYG
Herman,Eric,RT,450000,NYG
Fenner,Chandler,CB,420000,NYG
Cole,Trent,OLB,12131250,PHI
Peters,Jason,LT,10325000,PHI
McCoy,LeSean,RB,9000000,PHI
Ryans,DeMeco,ILB,7800000,PHI
Kelce,Jason,C,6250000,PHI
Barwin,Connor,OLB,6000000,PHI
Herremans,Todd,G,6000000,PHI
Williams,Cary,CB,5666667,PHI
Maclin,Jeremy,WR,5250000,PHI
Jenkins,Malcolm,S,5166667,PHI
Mathis,Evan,G,5100000,PHI
Johnson,Lane,RT,4963276,PHI
Celek,Brent,TE,4875000,PHI
Cooper,Riley,WR,4500000,PHI
Casey,James,FB,4000000,PHI
Sproles,Darren,RB,3500000,PHI
Graham,Brandon,OLB,3381600,PHI
Allen,Nate,S,3000000,PHI
Fletcher,Bradley,CB,2625000,PHI
Cox,Fletcher,DE,2560300,PHI
Sanchez,Mark,QB,2250000,PHI
Smith,Marcus,OLB,1949772,PHI
Jones,Donnie,P,1833333,PHI
Carroll,Nolan,CB,1825000,PHI
Barbre,Allen,G,1450000,PHI
Maragos,Chris,S,1350000,PHI
Smith,Brad,WR,1350000,PHI
Ertz,Zach,TE,1344800,PHI
Braman,Bryan,OLB,1325000,PHI
Matthews,Jordan,WR,1237317,PHI
Kendricks,Mychal,ILB,1111111,PHI
Dorenbos,Jon,LS,1062500,PHI
Curry,Vinny,DE,845458,PHI
Logan,Bennie,DT,758108,PHI
Gardner,Andrew,G,742500,PHI
Huff,Josh,WR,705236,PHI
Prosinski,Chris,S,695000,PHI
Foles,Nick,QB,692130,PHI
Barkley,Matt,QB,684882,PHI
Watkins,Jaylen,S,679257,PHI
Thornton,Cedric,DE,645000,PHI
Hart,Taylor,DE,627665,PHI
Boykin,Brandon,CB,626367,PHI
Matthews,Casey,ILB,619966,PHI
Vandervelde,Julian,C,615000,PHI
Wolff,Earl,S,593000,PHI
Goode,Najee,ILB,576725,PHI
Kelly,Dennis,RT,572200,PHI
Allen,Beau,DT,570562,PHI
Molk,David,C,540000,PHI
Acho,Emmanuel,ILB,540000,PHI
Bair,Brandon,DE,540000,PHI
Maehl,Jeff,WR,525000,PHI
Burton,Trey,WR,512500,PHI
Couplin,Jerome,S,512000,PHI
Long,Travis,OLB,510000,PHI
Parkey,Cody,K,510000,PHI
Tobin,Matt,G,496667,PHI
Polk,Chris,RB,483333,PHI
Orakpo,Brian,OLB,11455000,WAS
Williams,Trent,LT,10000000,WAS
Garcon,Pierre,WR,8500000,WAS
Hatcher,Jason,DE,6875000,WAS
Cofield,Barry,DT,6000000,WAS
Jackson,DeSean,WR,6000000,WAS
Bowen,Stephen,DE,5500000,WAS
GriffinIII,Robert,QB,5279775,WAS
Lauvao,Shawn,G,4250000,WAS
Hall,DeAngelo,CB,4250000,WAS
Riley,Perry,ILB,4000000,WAS
Roberts,Andre,WR,4000000,WAS
Chester,Chris,G,4000000,WAS
Lichtensteiger,Kory,C,3500000,WAS
Baker,Chris,DE,3000000,WAS
Porter,Tracy,CB,3000000,WAS
Kerrigan,Ryan,OLB,2180074,WAS
Paulsen,Logan,TE,1333333,WAS
Young,Darrel,FB,1323333,WAS
Jenkins,Jarvis,DE,1195670,WAS
Murphy,Trent,OLB,1118200,WAS
Golston,Kedric,DT,1100000,WAS
Moss,Santana,WR,1020000,WAS
Clark,Ryan,S,1020000,WAS
Sundberg,Nick,LS,1000000,WAS
Polumbus,Tyler,LT,1000000,WAS
Hayward,Adam,OLB,1000000,WAS
Meriweather,Brandon,S,1000000,WAS
Amerson,David,CB,962726,WAS
Biggers,E.J.,CB,795000,WAS
McCoy,Colt,QB,795000,WAS
Moses,Morgan,RT,793144,WAS
Jackson,Tanard,S,730000,WAS
Long,Spencer,G,715950,WAS
LeRibeus,Josh,C,714081,WAS
Reed,Jordan,TE,690000,WAS
Hankerson,Leonard,WR,680344,WAS
Breeland,Bashaud,CB,676500,WAS
Rogers,Justin,CB,645000,WAS
Cousins,Kirk,QB,643172,WAS
Williams,Trevardo,DE,641903,WAS
Robinson,Keenan,ILB,630027,WAS
Helu,Roy,RB,627563,WAS
Kearse,Frank,DE,615000,WAS
Grant,Ryan,WR,608403,WAS
Ihenacho,Duke,S,570000,WAS
Robertson,Travian,DT,570000,WAS
Morris,Alfred,RB,555775,WAS
Paul,Niles,TE,555413,WAS
Beauharnais,Steve,ILB,540000,WAS
Thompson,Chris,RB,540000,WAS
Robinson,Trenton,S,525000,WAS
Neild,Chris,DT,521475,WAS
Jeffcoat,Jackson,OLB,515000,WAS
Redd,Silas,RB,512667,WAS
Miller,Gabe,TE,510000,WAS
Davis,Akeem,S,510000,WAS
Minnifield,Chase,CB,496667,WAS
Compton,Will,ILB,496667,WAS
Davis,Ja'Gared,ILB,496667,WAS
Okoro,Kenny,CB,495000,WAS
Forbath,Kai,K,480000,WAS
Compton,Tom,G,480000,WAS
Bridget,Courtney,CB,480000,WAS
Johnson,Rishaw,G,480000,WAS
Way,Tress,P,465000,WAS
Thomas,Phillip,S,465000,WAS
RiceJr.,Jerry,WR,421000,WAS
Cutler,Jay,QB,18100000,CHI
Marshall,Brandon,WR,10000000,CHI
Allen,Jared,DE,8000000,CHI
Forte,Matt,RB,7600000,CHI
Bushrod,Jermon,LT,7193000,CHI
Houston,Lamarr,OLB,7000000,CHI
Briggs,Lance,OLB,5833333,CHI
Jennings,Tim,CB,5600000,CHI
Bennett,Martellus,TE,5100000,CHI
Gould,Robbie,K,3750000,CHI
Tillman,Charles,CB,3250000,CHI
Slauson,Matt,G,3200000,CHI
Young,Willie,OLB,3000000,CHI
Fuller,Kyle,CB,2421751,CHI
Long,Kyle,RT,2075238,CHI
McClellin,Shea,ILB,2065850,CHI
Ratliff,Jay,DT,1875000,CHI
Garza,Roberto,C,1500000,CHI
Mundy,Ryan,S,1500000,CHI
Williams,D.J.,ILB,1500000,CHI
Jeffery,Alshon,WR,1136958,CHI
Ferguson,Ego,DE,1028301,CHI
Bostic,Jon,ILB,985200,CHI
Feely,Jay,K,955000,CHI
Paea,Stephen,DE,921476,CHI
Rosario,Dante,TE,855000,CHI
Owens,Montell,FB,855000,CHI
Cain,Jeremy,LS,855000,CHI
De,Brian,C,795001,CHI
McCray,Danny,S,795000,CHI
Lane,Austen,DE,737500,CHI
Morgan,Josh,WR,730000,CHI
Britton,Eben,RT,730000,CHI
Scott,Trevor,DE,730000,CHI
Sharpton,Darryl,ILB,730000,CHI
McManis,Sherrick,CB,730000,CHI
Sutton,Will,DT,712767,CHI
Walters,Anthony,S,695000,CHI
Carey,Ka'Deem,RB,665845,CHI
Vereen,Brock,S,665470,CHI
Conte,Christopher,S,650900,CHI
Greene,Khaseem,OLB,648023,CHI
Miller,Zach,TE,645000,CHI
Clausen,Jimmy,QB,645000,CHI
Mariani,Marc,WR,615000,CHI
O'Donnell,Pat,P,581327,CHI
Mills,Jordan,RT,581200,CHI
Leno,Charles,LT,566628,CHI
Mitchell,Terrance,CB,566474,CHI
Washington,Cornelius,DE,565947,CHI
Wilson,Marquess,WR,551787,CHI
Bass,David,OLB,540000,CHI
Dunn,Brandon,DT,512667,CHI
Jones,Christian,ILB,512333,CHI
Ola,Michael,G,511667,CHI
Lattimore,DeDe,ILB,510500,CHI
Louis-Jean,Al,CB,510000,CHI
Perry,Senorise,RB,510000,CHI
Fales,David,QB,510000,CHI
Groy,Ryan,G,465000,CHI
Annen,Blake,TE,465000,CHI
Bellamy,Josh,WR,435000,CHI
Hurst,Demontre,S,420000,CHI
Stafford,Matthew,QB,17666667,DET
Johnson,Calvin,WR,16207143,DET
Suh,Ndamukong,DT,12900400,DET
Tate,Golden,WR,6200000,DET
Tulloch,Stephen,ILB,5100000,DET
Quin,Glover,S,4700000,DET
Ansah,Ezekiel,DE,4648629,DET
Bush,Reggie,RB,4000000,DET
Pettigrew,Brandon,TE,4000000,DET
Sims,Rob,G,3550000,DET
Levy,DeAndre,OLB,3250000,DET
Jones,Jason,DE,3166667,DET
Bell,Joique,RB,3100000,DET
Ebron,Eric,TE,3062287,DET
Fairley,Nick,DT,2472250,DET
Reiff,Riley,LT,1998425,DET
Palmer,Ashlee,OLB,1625000,DET
Ihedigbo,James,S,1575000,DET
Raiola,Dominic,C,1500000,DET
Hilliard,Corey,RT,1440000,DET
Mosley,C.J.,DT,1375000,DET
Slay,Darius,CB,1322326,DET
VanNoy,Kyle,OLB,1275524,DET
Carey,Don,S,1045000,DET
Muhlbach,Don,LS,1020000,DET
Mathis,Rashean,CB,1020000,DET
Tapp,Darryl,DE,950000,DET
Orlovsky,Dan,QB,920000,DET
Broyles,Ryan,WR,919625,DET
Tapp,Darryl,DE,870000,DET
Prater,Matt,K,855000,DET
Warford,Larry,G,768750,DET
Swanson,Travis,C,739243,DET
Reynolds,Garrett,G,730000,DET
Davis,Kellen,TE,730000,DET
Johnson,George,DE,730000,DET
Vaughn,Cassius,CB,730000,DET
Fluellen,Andre,DT,730000,DET
Collins,Jed,FB,710000,DET
Abdul-Quddus,Isa,S,695000,DET
Bentley,Bill,CB,677278,DET
Thomas,Johsua,CB,645000,DET
Webster,Larry,DE,630146,DET
Lawson,Nevin,CB,630146,DET
Taylor,Devin,DE,615146,DET
Stanford,Julian,OLB,615000,DET
Reid,Caraun,DT,602220,DET
Jones,TJ,WR,581550,DET
Martin,Sam,P,580075,DET
Whitehead,Tahir,OLB,578000,DET
Ross,Jeremy,WR,570000,DET
Bynes,Josh,OLB,570000,DET
Riddick,Theo,RB,562750,DET
Lewis,Travis,ILB,539793,DET
Lucas,Cornelius,RT,516667,DET
Fauria,Joseph,TE,499167,DET
Waddle,LaAdrian,RT,498333,DET
Austin,Rodney,G,495000,DET
Moore,Kellen,QB,486667,DET
Fuller,Corey,WR,465000,DET
Winn,George,RB,465000,DET
Seisay,Mohammed,CB,465000,DET
Rodgers,Aaron,QB,22000000,GB
Matthews,Clay,ILB,13200000,GB
Nelson,Jordy,WR,9762500,GB
Shields,Sam,CB,9750000,GB
Peppers,Julius,OLB,8666667,GB
Williams,Tramon,CB,8250000,GB
Sitton,Josh,G,6750000,GB
Burnett,Morgan,S,6187500,GB
Lang,T.J.,G,5200000,GB
Raji,B.J.,DT,4000000,GB
Neal,Michael,OLB,4000000,GB
Jones,Brad,ILB,3750000,GB
Hawk,A.J.,OLB,3533333,GB
Crosby,Mason,K,2950000,GB
Bulaga,Bryan,RT,2649000,GB
Clinton-Dix,HaHa,S,2084625,GB
Jones,Datone,DE,1929147,GB
Perry,Nick,OLB,1874813,GB
Bush,Jarrett,CB,1750000,GB
Starks,James,RB,1625000,GB
Quarless,Andrew,TE,1500000,GB
Lattimore,Jamari,ILB,1431000,GB
Masthay,Tim,P,1366250,GB
Flynn,Matt,QB,1068125,GB
Kuhn,John,FB,1030000,GB
Guion,Letroy,DE,1000000,GB
Adams,Davante,WR,983351,GB
Goode,Brett,LS,905000,GB
Lacy,Eddie,RB,848103,GB
Hayward,Casey,CB,827478,GB
Cobb,Randall,WR,802355,GB
Thornton,Khyri,DT,713563,GB
Rodgers,Richard,TE,690254,GB
Bradford,Carl,ILB,662325,GB
Bakhtiari,David,LT,653850,GB
Tretter,J.C.,C,643977,GB
Linsley,Corey,C,601250,GB
Daniels,Mike,DE,600146,GB
Tolzien,Scott,QB,600000,GB
Abbrederis,Jared,WR,591140,GB
House,Davon,CB,585145,GB
Hyde,Micah,S,584527,GB
Goodson,Demetri,CB,580788,GB
Boyd,Josh,DT,576140,GB
Janis,Jeff,WR,567848,GB
Palmer,Nate,ILB,564724,GB
Harris,DuJuan,RB,555000,GB
Barrington,Sam,ILB,552250,GB
Elliot,Jayrone,OLB,511667,GB
Pennel,Mike,DE,511167,GB
Taylor,Lane,G,497333,GB
Mulumba,Andy,OLB,496667,GB
Bostick,Brandon,TE,495000,GB
Banjo,Chris,S,495000,GB
Richardson,Sean,S,481667,GB
Barclay,Don,RT,480833,GB
Boykin,Jarrett,WR,480000,GB
Gaston,Bruce,DE,465000,GB
Gerhart,Garth,C,465000,GB
Robinson,Luther,DT,465000,GB
Adams,Aaron,G,465000,GB
Dorsey,Kevin,WR,465000,GB
Perillo,Justin,TE,465000,GB
Peterson,Adrian,RB,14380000,MIN
Jennings,Greg,WR,9000000,MIN
Griffen,Everson,DE,8500000,MIN
Rudolph,Kyle,TE,7300000,MIN
Greenway,Chad,OLB,6300000,MIN
Loadholt,Phillip,RT,6250000,MIN
Joseph,Linval,DT,6250000,MIN
Robison,Brian,DE,5600000,MIN
Cassel,Matt,QB,5250000,MIN
Kalil,Matt,LT,4942650,MIN
Sullivan,John,C,4900000,MIN
Fusco,Brandon,G,4850000,MIN
Munnerlyn,Captain,CB,3750000,MIN
Barr,Anthony,OLB,3185875,MIN
Ponder,Christian,QB,2539675,MIN
Johnson,Charlie,G,2500000,MIN
Felton,Jerome,FB,2500000,MIN
Floyd,Sharrif,DT,2019050,MIN
Rhodes,Xavier,CB,1951626,MIN
Patterson,Cordarrelle,WR,1805262,MIN
Smith,Harrison,S,1784637,MIN
Bridgewater,Teddy,QB,1712376,MIN
Wootton,Corey,DT,1500000,MIN
Loeffler,Cullen,LS,1140000,MIN
Sherels,Marcus,CB,1100000,MIN
Sendejo,Andrew,S,1000000,MIN
Berger,Joe,C,920000,MIN
Johnson,Tom,DT,845000,MIN
Brinkley,Jasper,ILB,830000,MIN
Ducasse,Vladimir,G,795000,MIN
Crichton,Scott,DE,755125,MIN
Robinson,Josh,CB,753750,MIN
McKinnon,Jerick,RB,691250,MIN
Hodges,Gerald,ILB,645027,MIN
Wright,Jarius,WR,630027,MIN
Trattou,Justin,DE,615000,MIN
Yankey,David,G,606725,MIN
Ellison,Rhett,TE,600146,MIN
Locke,Jeff,P,586048,MIN
Exum,Antone,S,583947,MIN
Blanton,Robert,S,577763,MIN
Stephen,Shamar,DT,571287,MIN
Watts,Brandon,OLB,570612,MIN
Price,Jabari,CB,570455,MIN
Cole,Audie,ILB,570000,MIN
DeCicco,Dom,ILB,570000,MIN
Asiata,Matt,RB,570000,MIN
Kaddu,Josh,OLB,570000,MIN
Mauti,Michael,OLB,555682,MIN
Walsh,Blair,K,554483,MIN
Prater,Shaun,CB,553000,MIN
Richardson,Antonio,RT,513333,MIN
Wentworth,Austin,RT,510667,MIN
Johnson,Charles,WR,510000,MIN
Line,Zach,FB,499333,MIN
Ford,Chase,TE,495000,MIN
Samuda,Josh,C,495000,MIN
Banyard,Joe,RB,495000,MIN
Harris,Mike,G,481167,MIN
Thielen,Adam,WR,465000,MIN
Dixon,Ahmad,S,465000,MIN
Bykowski,Carter,LT,465000,MIN
Josey,Henry,RB,465000,MIN
Ryan,Matt,QB,20750000,ATL
Baker,Sam,LT,6850000,ATL
Blalock,Justin,G,6400000,ATL
Soliai,Paul,DT,6400000,ATL
White,Roddy,WR,6000000,ATL
Moore,William,S,6000000,ATL
Jackson,Tyson,DE,5000000,ATL
Asamoah,Jon,G,4500000,ATL
Umenyiora,Osi,OLB,4250000,ATL
Matthews,Jake,LT,4107375,ATL
Jones,Julio,WR,4045938,ATL
Jackson,Steven,RB,4000000,ATL
Douglas,Harry,WR,3125000,ATL
Biermann,Kroy,DE,3050000,ATL
Babineaux,Jonathan,DT,3000000,ATL
Hawley,Joe,C,3000000,ATL
Hester,Devin,WR,3000000,ATL
Weatherspoon,Sean,ILB,2796500,ATL
Bryant,Matt,K,2675000,ATL
Bosher,Matt,P,2531000,ATL
Trufant,Desmond,CB,2041509,ATL
Peters,Corey,DT,1600000,ATL
McClain,Robert,CB,1431000,ATL
Hageman,Ra'Shede,DT,1333961,ATL
Wilson,Josh,CB,920000,ATL
Konz,Peter,C,897150,ATL
Scott,Jonathan,LT,855000,ATL
Harris,Josh,LS,851250,ATL
Alford,Robert,CB,850350,ATL
Carimi,Gabe,G,850000,ATL
Arenas,Javier,CB,795000,ATL
Southward,Dezmen,CB,781250,ATL
Lowery,Dwight,S,760000,ATL
Weems,Eric,WR,730000,ATL
Godfrey,Charles,S,730000,ATL
Pascoe,Bear,TE,730000,ATL
Smith,Antone,RB,712500,ATL
Freeman,Devonta,RB,676106,ATL
Johnson,Mike,RT,675000,ATL
Holmes,Lamar,RT,658400,ATL
Goodman,Malliciah,DE,639272,ATL
Shembo,Prince,ILB,630146,ATL
Toilolo,Levine,TE,615146,ATL
Spruill,Marquis,ILB,597870,ATL
Maponga,Stansly,OLB,586685,ATL
Massaquoi,Jonathan,DE,567215,ATL
Starr,Tyler,OLB,566474,ATL
Rodgers,Jacquizz,RB,557750,ATL
Yates,T.J.,QB,556250,ATL
Renfree,Sean,QB,551474,ATL
Motta,Zeke,S,551474,ATL
Ishmael,Kemal,S,551474,ATL
DiMarco,Patrick,FB,525000,ATL
Matthews,Cliff,DE,521750,ATL
Stone,James,C,511333,ATL
Smith,Jerome,RB,511000,ATL
Bartu,Joplo,OLB,496667,ATL
Worrilow,Paul,ILB,495667,ATL
Schraeder,Ryan,RT,495667,ATL
Baker,Sean,S,495000,ATL
Gunn,Harland,G,481667,ATL
Davis,Drew,WR,480000,ATL
Allen,Ricardo,S,465000,ATL
Stupar,Nathan,OLB,450000,ATL
Hardy,Greg,DE,13116000,CAR
Johnson,Charles,DE,12666667,CAR
Kalil,Ryan,C,8186000,CAR
Stewart,Jonathan,RB,7300000,CAR
Newton,Cam,QB,5506375,CAR
Olsen,Greg,TE,4560000,CAR
Williams,DeAngelo,RB,3333333,CAR
Davis,Thomas,OLB,3300000,CAR
Kuechly,Luke,ILB,3144651,CAR
Gano,Graham,K,3100000,CAR
Tolbert,Mike,FB,2500000,CAR
Lotulelei,Star,DT,2401125,CAR
Bell,Byron,RT,2187000,CAR
Harper,Roman,S,2125000,CAR
Benjamin,Kelvin,WR,1916063,CAR
DeCoud,Thomas,S,1762500,CAR
Edwards,Dwan,DT,1750000,CAR
Cotchery,Jerricho,WR,1603000,CAR
Chandler,Nate,LT,1516667,CAR
Anderson,Derek,QB,1282000,CAR
Addison,Mario,DE,1280000,CAR
Silatolu,Amini,G,1234276,CAR
Short,Kawann,DT,1157584,CAR
Cole,Colin,DT,1125000,CAR
Blackburn,Chase,OLB,1025000,CAR
Jones,Colin,S,927500,CAR
Jansen,J.J.,LS,901250,CAR
Ealy,Kony,DE,886707,CAR
Brockel,Richie,TE,805000,CAR
Webb,Joe,QB,795000,CAR
Dickson,Ed,TE,795000,CAR
Velasco,Fernando,G,795000,CAR
Williams,Garry,G,780000,CAR
Love,Kyle,DT,737500,CAR
Scott,Chris,G,730000,CAR
Matthews,Kevin,C,730000,CAR
Turner,Trai,G,697794,CAR
Boston,Tre,S,656367,CAR
Kugbila,Edmund,G,654114,CAR
Dockery,James,CB,645000,CAR
Alexander,Frank,DE,642563,CAR
Benwikere,Bene,CB,604750,CAR
Klein,A.J.,ILB,587825,CAR
Norman,Josh,CB,574750,CAR
Nortman,Brad,P,544670,CAR
Reddick,Kevin,ILB,540000,CAR
Remmers,Mike,RT,525000,CAR
Brown,Corey,WR,515000,CAR
Norwell,Andrew,G,514000,CAR
Foucault,David,T,510000,CAR
Jacobs,Ben,ILB,504000,CAR
Presley,De'Andre,WR,503500,CAR
Horton,Wes,DE,498333,CAR
White,Melvin,CB,497500,CAR
Lester,Robert,S,497500,CAR
Whittaker,Fozzy,RB,495000,CAR
Hughes,Kevin,T,495000,CAR
Williams,Brandon,TE,495000,CAR
Glanton,Adarius,OLB,465000,CAR
Byndom,Carrington,CB,465000,CAR
Folkerts,Brian,C,450000,CAR
Bersin,Brenton,WR,429500,CAR
Brees,Drew,QB,20000000,NO
Galette,Junior,OLB,10375000,NO
Graham,Jimmy,TE,10000000,NO
Byrd,Jairus,S,9000000,NO
Evans,Jahri,G,8100000,NO
Colston,Marques,WR,7260000,NO
Grubbs,Ben,G,7200000,NO
Lofton,Curtis,ILB,5500000,NO
Lewis,Keenan,CB,5110000,NO
Strief,Zach,RT,4000000,NO
Hawthorne,David,ILB,3800000,NO
Morstead,Thomas,P,3647500,NO
Bunkley,Brodrick,DT,3550000,NO
Vaccaro,Kenny,S,2356178,NO
Cooks,Brandin,WR,2095863,NO
Thomas,Pierre,RB,2000000,NO
Jordan,Cameron,DE,1932850,NO
Bush,Rafael,S,1900000,NO
Robinson,Patrick,CB,1881900,NO
Ingram,Mark,RB,1854188,NO
Watson,Benjamin,TE,1650000,NO
Lorig,Erik,FB,1200000,NO
Goodwin,Jonathan,C,1020000,NO
Graham,Shayne,K,955000,NO
Haralson,Parys,DE,920000,NO
McCown,Luke,QB,920000,NO
Jean-Baptiste,Stanley,CB,909183,NO
Meachem,Robert,WR,855000,NO
Drescher,Justin,LS,846250,NO
Humber,Ramon,OLB,795000,NO
Deaderick,Brandon,DT,730000,NO
Sanford,Jamarca,S,730000,NO
Armstead,Terron,LT,716859,NO
Jenkins,John,DT,698140,NO
Hicks,Akiem,DE,670100,NO
Toon,Nick,WR,626903,NO
Franklin,Jerry,OLB,615000,NO
Sunseri,Vinnie,S,599125,NO
Powell,Ronald,OLB,597215,NO
Stills,Kenny,WR,588613,NO
Fokou,Moise,ILB,570000,NO
Ozougwu,Cheta,DE,570000,NO
Harris,Bryce,RT,570000,NO
White,Corey,CB,569125,NO
Becton,Nick,LT,540000,NO
Edebali,Kasim,OLB,512000,NO
Ball,Marcus,S,512000,NO
Dixon,Brian,CB,511667,NO
Zimmerman,Ty,S,511500,NO
Warren,Pierre,S,511333,NO
Coleman,Brandon,WR,510000,NO
Jones,Seantavius,WR,510000,NO
Foster,Glenn,DE,497333,NO
Hill,Josh,TE,496667,NO
Lelito,Tim,G,496667,NO
Robinson,Khiry,RB,495333,NO
Frederick,Terrence,CB,495000,NO
Kelemete,Senio,G,495000,NO
Cadet,Travaris,RB,481667,NO
Walker,Tyrunn,DT,481000,NO
Knox,Kyle,OLB,480000,NO
Tanner,Andy,WR,465000,NO
Saunders,Jalen,WR,465000,NO
Johnson,Austin,FB,465000,NO
Virgil,Lawrence,DE,465000,NO
Davis,Adrian,CB,433333,NO
McCoy,Gerald,DT,15866667,TB
Jackson,Vincent,WR,11111111,TB
Johnson,Michael,DE,8750000,TB
Mankins,Logan,G,8500000,TB
Goldson,Dashon,S,8250000,TB
Verner,Alterraun,CB,6437500,TB
Collins,Anthony,LT,6000000,TB
McCown,Josh,QB,5000000,TB
Evans,Mike,WR,3657876,TB
Smith,Evan,C,3562500,TB
Koenen,Michael,P,3250000,TB
McDonald,Clinton,DT,3000000,TB
Myers,Brandon,TE,2125000,TB
Clayborn,Adrian,DE,2052542,TB
Martin,Doug,RB,1696954,TB
Jenkins,Mike,CB,1500000,TB
Dotson,Demar,RT,1500000,TB
Seferian-Jenkins,Austin,TE,1313730,TB
Fletcher,Dane,ILB,1200000,TB
Banks,Johnthan,CB,1181580,TB
Bowers,Da'Quan,DT,963909,TB
David,Lavonte,OLB,899183,TB
Cousins,Oniel,G,795000,TB
Glennon,Mike,QB,776016,TB
Sims,Charles,RB,768330,TB
Murphy,Louis,WR,730000,TB
Williams,Jason,OLB,730000,TB
Wright,Major,S,730000,TB
Sidbury,Lawrence,OLB,730000,TB
English,Larry,OLB,730000,TB
Foster,Mason,ILB,696093,TB
Spence,Akeem,DT,661106,TB
Gholston,William,DE,640136,TB
Stocker,Luke,TE,628172,TB
Edwards,Kadeem,G,608000,TB
Pamphile,Kevin,G,604625,TB
Herron,Robert,WR,583000,TB
Lemon,Orie,ILB,577500,TB
Rainey,Bobby,RB,570000,TB
James,Mike,RB,565788,TB
Tandy,Keith,S,555150,TB
Gilkey,Garrett,G,552848,TB
Rodriguez,Evan,FB,545000,TB
Frey,Isaiah,CB,540000,TB
Wilson,C.J.,CB,540000,TB
King,Tavarres,WR,540000,TB
Lansanah,Danny,ILB,525000,TB
Uko,George,DT,511667,TB
Murray,Patrick,K,510000,TB
Shepard,Russell,WR,497500,TB
Omameh,Patrick,G,496000,TB
Lane,Jorvorskie,FB,495000,TB
Magee,Brandon,ILB,495000,TB
Johnson,Leonard,CB,482500,TB
Brate,Cameron,TE,465000,TB
DePaola,Andrew,LS,465000,TB
Dixon,Brandon,CB,465000,TB
Allen,Josh,C,465000,TB
Patton,Solomon,WR,465000,TB
Fatinikun,T.J.,DE,465000,TB
Smith,Jacquies,DE,465000,TB
McDougald,Bradley,S,450000,TB
Palmer,Carson,QB,16500000,AZ
Fitzgerald,Larry,WR,16142857,AZ
Peterson,Patrick,CB,14010000,AZ
Campbell,Calais,DE,11000000,AZ
Dockett,Darnell,DE,8825000,AZ
Washington,Daryl,ILB,8000000,AZ
Veldheer,Jared,LT,7000000,AZ
Cooper,Jonathan,G,3637251,AZ
Cromartie,Antonio,CB,3500000,AZ
Powers,Jerraud,CB,3500000,AZ
GinnJr.,Ted,WR,3250000,AZ
Sendlein,Lyle,C,3250000,AZ
Stanton,Drew,QB,2733333,AZ
Floyd,Michael,WR,2492875,AZ
Abraham,John,OLB,2300000,AZ
Shaughnessy,Matt,DE,2200000,AZ
Bucannon,Deone,ILB,1927301,AZ
Williams,Dan,DT,1797000,AZ
Carlson,John,TE,1600000,AZ
Alexander,Lorenzo,OLB,1540000,AZ
Zastudil,Dave,P,1475000,AZ
Larsen,Ted,G,1300000,AZ
Johnson,Rashad,S,1200000,AZ
Minter,Kevin,ILB,1097572,AZ
Leach,Mike,LS,1091667,AZ
Niklas,Troy,TE,1005825,AZ
Rucker,Frostee,DT,1000000,AZ
Foote,Larry,ILB,955000,AZ
Kelly,Tommy,DT,955000,AZ
Dwyer,Jonathan,RB,795000,AZ
Fanaika,Paul,G,780000,AZ
Mathieu,Tyrann,CB,763125,AZ
Housler,Robert,TE,748523,AZ
Clemons,Chris,S,737500,AZ
Benard,Marcus,OLB,730000,AZ
Martin,Kareem,OLB,710890,AZ
Brown,John,WR,699725,AZ
Thomas,Logan,QB,663023,AZ
Okafor,Alex,OLB,658607,AZ
Watford,Earl,RT,648716,AZ
Massie,Bobby,RT,635845,AZ
Acho,Sam,OLB,628607,AZ
Stinson,Ed,DE,601685,AZ
Taylor,Stepfan,RB,590125,AZ
Ta'amu,Alameda,DT,570000,AZ
Lindley,Ryan,QB,570000,AZ
Ellington,Andre,RB,565966,AZ
Bethel,Justin,CB,553556,AZ
Hughes,Robert,RB,540000,AZ
Demens,Kenny,ILB,540000,AZ
Butler,Drew,P,540000,AZ
Golden,Brittan,WR,535000,AZ
Steen,Anthony,G,514000,AZ
Catanzaro,Chandler,K,510500,AZ
Mauro,Josh,DE,510000,AZ
Carson,Glenn,ILB,510000,AZ
Jefferson,Tony,S,498367,AZ
Brown,Jaron,WR,498000,AZ
Sowell,Bradley,LT,483333,AZ
Whitley,Eddie,S,465000,AZ
Williams,Kerwynn,RB,465000,AZ
Grice,Marion,RB,465000,AZ
Fells,Darren,TE,465000,AZ
Sherman,Richard,CB,14000000,SEA
Thomas,Earl,S,10000000,SEA
Okung,Russell,LT,8083333,SEA
Lynch,Marshawn,RB,7500000,SEA
Bennett,Michael,DE,7125000,SEA
Chancellor,Kam,S,7000502,SEA
Avril,Cliff,DE,6500000,SEA
Unger,Max,C,6458750,SEA
Mebane,Brandon,DT,5000000,SEA
Baldwin,Doug,WR,4333333,SEA
Miller,Zach,TE,3000000,SEA
McDaniel,Tony,DT,2875000,SEA
Hauschka,Steven,K,2850000,SEA
Irvin,Bruce,OLB,2335550,SEA
Williams,Kevin,DT,2100000,SEA
Carpenter,James,G,1910376,SEA
Ryan,Jon,P,1516667,SEA
Farwell,Heath,ILB,1500000,SEA
Dobbs,Demarcus,DE,1431000,SEA
Johnson,Jeron,S,1359000,SEA
McCoy,Anthony,TE,1350000,SEA
Jackson,Tarvaris,QB,1250000,SEA
Richardson,Paul,WR,1178209,SEA
Wagner,Bobby,ILB,1076950,SEA
Britt,Justin,G,886733,SEA
Michael,Christine,RB,843608,SEA
Gresham,Clint,LS,827500,SEA
Wilson,Russell,QB,749176,SEA
Cohen,Landon,DT,730000,SEA
Schofield,O'Brien,OLB,730000,SEA
Hill,Jordan,DT,691035,SEA
Marsh,Cassius,DE,672563,SEA
Norwood,Kevin,WR,660027,SEA
Pierre-Louis,Kevin,OLB,651413,SEA
Moeaki,Tony,TE,645000,SEA
Morgan,Michael,OLB,645000,SEA
Schilling,Steve,G,645000,SEA
Tukuafu,Will,FB,645000,SEA
Turbin,Robert,RB,639114,SEA
Wright,K.J.,OLB,631500,SEA
Williams,Jesse,DT,592763,SEA
Simon,Tharold,CB,591725,SEA
Willson,Luke,TE,584633,SEA
Scott,Garrett,LT,580418,SEA
Pinkins,Eric,ILB,577058,SEA
Scruggs,Greg,DE,570000,SEA
Walters,Bryan,WR,570000,SEA
Smith,D'Anthony,DT,570000,SEA
Lane,Jeremy,CB,556279,SEA
Daniels,B.J.,WR,550000,SEA
Sweezy,J.R.,G,539212,SEA
Maxwell,Byron,CB,538363,SEA
Lockette,Ricardo,WR,525000,SEA
Smith,Malcolm,ILB,521475,SEA
Gilliam,Garry,RT,514000,SEA
Taylor,Mike,OLB,511667,SEA
Coyle,Brock,ILB,511000,SEA
Bailey,Alvin,G,497000,SEA
Milton,Keavon,TE,496667,SEA
Coleman,Derrick,FB,495000,SEA
Gilreath,David,WR,495000,SEA
Shead,Deshawn,S,480000,SEA
Kearse,Jermaine,WR,480000,SEA
Matthews,Chris,WR,470000,SEA
Burley,Marcus,CB,465000,SEA
Helfet,Cooper,TE,465000,SEA
King,David,DE,465000,SEA
Lewis,Patrick,C,450000,SEA
Kaepernick,Colin,QB,19000000,SF
Willis,Patrick,ILB,10000000,SF
Bowman,Navorro,ILB,9050000,SF
Staley,Joe,LT,7441667,SF
Davis,Vernon,TE,7350000,SF
Johnson,Stevie,WR,7250000,SF
Brooks,Ahmad,OLB,6733333,SF
Davis,Anthony,RT,6640000,SF
Gore,Frank,RB,6404183,SF
Boldin,Anquan,WR,6000000,SF
Crabtree,Michael,WR,5333333,SF
Bethea,Antoine,S,5250000,SF
Smith,Justin,DE,4550000,SF
Dorsey,Glenn,DE,4362500,SF
Smith,Aldon,OLB,3595999,SF
Brock,Tramaine,CB,3500000,SF
Lee,Andy,P,3400000,SF
Dawson,Phil,K,3067000,SF
Iupati,Mike,G,3022125,SF
Gabbert,Blaine,QB,3000412,SF
Boone,Alex,G,3000000,SF
Reid,Eric,S,2120184,SF
Miller,Bruce,FB,1800000,SF
Ward,Jimmie,S,1778134,SF
Kilgore,Daniel,C,1750000,SF
Williams,Ian,DT,1600000,SF
Skuta,Dan,OLB,1500000,SF
Dahl,Craig,S,1375000,SF
Carradine,Cornellius,DE,1236920,SF
Martin,Jonathan,RT,1196067,SF
Lloyd,Brandon,WR,1005000,SF
Osgood,Kassim,WR,955000,SF
Hyde,Carlos,RB,920420,SF
McDonald,Vance,TE,899795,SF
Ventrone,Raymond,S,855000,SF
Martin,Marcus,G,767312,SF
Hunter,Kendall,RB,760000,SF
Borland,Chris,OLB,731859,SF
Bishop,Desmond,OLB,730000,SF
Cook,Chris,CB,730000,SF
Johnson,Josh,QB,730000,SF
Cox,Perrish,CB,695000,SF
Thomas,Brandon,G,681527,SF
Lemonier,Corey,OLB,675813,SF
Ellington,Bruce,WR,673607,SF
Culliver,Chris,CB,659719,SF
Johnson,Dontae,CB,655136,SF
Tanner,Phillip,RB,645000,SF
Smith,Alfonso,RB,645000,SF
Patton,Quinton,WR,637875,SF
Looney,Joe,G,631301,SF
Holliday,Trindon,KR,615000,SF
Lynch,Aaron,OLB,604500,SF
Reaser,Keith,CB,596200,SF
Dial,Quinton,DE,585413,SF
Acker,Kenneth,CB,585150,SF
Wilhoite,Michael,ILB,570000,SF
Nelson,Kyle,LS,570000,SF
Ramsey,Kaleb,DT,567050,SF
Moody,Nick,ILB,566918,SF
Millard,Trey,FB,566787,SF
McFadden,Leon,CB,540000,SF
McCray,L.J.,S,512000,SF
Fonoti,Fou,RT,511667,SF
Farrell,Dillon,C,511667,SF
Cromartie,Marcus,CB,496667,SF
Carrier,Derek,TE,495000,SF
Celek,Garrett,TE,482000,SF
Jacobs,Chuck,WR,465000,SF
Thomas,Chase,OLB,465000,SF
Tiller,Andrew,G,465000,SF
Purcell,Mike,DT,465000,SF
Cleveland,Asante,TE,465000,SF
Fuller,Cameron,CB,460000,SF
Jerod-Eddie,Tony,DE,430000,SF