Last Name,First Name,Position,Average Salary,Team
Dareus,Marcell,DT,16095686,BUF
Williams,Mario,DE,16000000,BUF
Hughes,Jerry,DE,9000000,BUF
McCoy,LeSean,RB,8000000,BUF
Clay,Charles,TE,7600000,BUF
Williams,Kyle,DT,7433333,BUF
Williams,Aaron,S,6501961,BUF
Wood,Eric,C,6350000,BUF
Harvin,Percy,WR,6000000,BUF
Watkins,Sammy,WR,4983901,BUF
McKelvin,Leodis,CB,4250000,BUF
Graham,Corey,S,4075000,BUF
Urbik,Kraig,G,3650000,BUF
Gilmore,Stephon,CB,3021038,BUF
Lawson,Manny,OLB,3000000,BUF
Carpenter,Dan,K,2487500,BUF
Felton,Jerome,FB,2300000,BUF
Manuel,E.J.,QB,2221325,BUF
Robey,Nickell,CB,2050000,BUF
Easley,Marcus,WR,1750000,BUF
Woods,Robert,WR,1216692,BUF
Glenn,Cordy,LT,1216295,BUF
Kouandjio,Cyrus,RT,1202205,BUF
Dixon,Anthony,RB,1200000,BUF
Darby,Ronald,CB,1142423,BUF
Taylor,Tyrod,QB,1116667,BUF
Sanborn,Garrison,LS,1111667,BUF
Wynn,Jarius,OLB,1100000,BUF
Incognito,Richie,G,1100000,BUF
Hankerson,Leonard,WR,1000000,BUF
Brown,Preston,ILB,751438,BUF
Johnson,Josh,QB,745000,BUF
Carrington,Alex,DT,745000,BUF
Salas,Greg,WR,745000,BUF
Miller,John,G,740030,BUF
Goodwin,Marquise,WR,713469,BUF
Mills,Jordan,RT,660000,BUF
Williams,Duke,S,657563,BUF
Bradham,Nigel,OLB,641106,BUF
Reddick,Kevin,ILB,630000,BUF
Edwards,Lavar,DE,630000,BUF
Brooks,Ron,CB,625135,BUF
Williams,Karlos,RB,623838,BUF
Steward,Tony,OLB,600958,BUF
Powell,Walter,WR,600000,BUF
Worthy,Jerel,DE,600000,BUF
Bryant,Corbin,DT,585000,BUF
Hogan,Chris,WR,585000,BUF
Gillislee,Mike,RB,585000,BUF
Johnson,Randell,OLB,570933,BUF
Henderson,Seantrel,RT,567720,BUF
Groy,Ryan,G,555000,BUF
Barnes,T.J.,DT,555000,BUF
Gay,Jordan,K,555000,BUF
Gragg,Chris,TE,554794,BUF
Meeks,Jonathan,S,550000,BUF
Enemkpali,IK,OLB,550000,BUF
Rambo,Bacarri,S,540000,BUF
Butler,Mario,CB,540000,BUF
Chandler,Tyson,RT,527500,BUF
Thomas,Cam,CB,525667,BUF
Tarpley,A.J.,ILB,525000,BUF
Lewis,Dezmin,WR,525000,BUF
Noel,Merrill,CB,525000,BUF
Seamster,Sammy,CB,525000,BUF
Valles,Max,OLB,525000,BUF
Wood,Cierre,RB,510000,BUF
Gray,MarQueis,TE,496333,BUF
Powell,Ty,ILB,495000,BUF
Charles,Stefan,DT,495000,BUF
O'Leary,Nick,TE,480000,BUF
Schmidt,Colton,P,465000,BUF
Tannehill,Ryan,QB,19250000,MIA
Suh,Ndamukong,DT,19062500,MIA
Albert,Branden,LT,9400000,MIA
Pouncey,Mike,C,8950000,MIA
Grimes,Brent,CB,8000000,MIA
Cameron,Jordan,TE,7500000,MIA
Jones,Reshad,S,7003000,MIA
Wake,Cameron,DE,6640000,MIA
Jordan,Dion,DE,5143077,MIA
Misi,Koa,OLB,4250000,MIA
Jennings,Greg,WR,4000000,MIA
Mitchell,Earl,DT,4000000,MIA
McCain,Brice,CB,2750000,MIA
Parker,DeVante,WR,2719136,MIA
Moore,Matt,QB,2600000,MIA
Shelby,Derrick,DE,2356000,MIA
Delmas,Louis,S,2250000,MIA
Coples,Quinton,OLB,2200699,MIA
James,Ja'Wuan,RT,2107100,MIA
Sheppard,Kelvin,ILB,2000000,MIA
Denney,John,LS,1150029,MIA
Phillips,Jordan,DT,1090727,MIA
Taylor,Jamar,CB,906605,MIA
Landry,Jarvis,WR,868728,MIA
Turner,Billy,G,786625,MIA
Paysinger,Spencer,OLB,745000,MIA
Smith,Shelley,G,745000,MIA
McClendon,Jacques,C,745000,MIA
Vernon,Olivier,DE,712020,MIA
Thomas,Dallas,G,711594,MIA
Moore,Damontre,DE,700063,MIA
Douglas,Jamil,C,699641,MIA
Johnson,James-Michael,OLB,660000,MIA
Aikens,Walt,S,658977,MIA
Jenkins,Jelani,OLB,658172,MIA
Sims,Dion,TE,656888,MIA
Miller,Lamar,RB,646500,MIA
McCain,Bobby,CB,627072,MIA
Ajayi,Jay,RB,625203,MIA
Lippett,Tony,WR,623691,MIA
Thomas,Logan,QB,612500,MIA
Stills,Kenny,WR,588613,MIA
Williams,Brandon,TE,585000,MIA
Thomas,Michael,S,585000,MIA
Fede,Terrence,DE,568988,MIA
Coleman,DeAndre,DT,555000,MIA
Matthews,Rishard,WR,538403,MIA
Vigil,Zach,ILB,528333,MIA
Darr,Matt,P,525333,MIA
Hewitt,Neville,OLB,525333,MIA
Franks,Andrew,K,525000,MIA
Williams,Damien,RB,511667,MIA
McCain,Chris,OLB,510000,MIA
Stoneburner,Jake,TE,510000,MIA
Patmon,Tyler,CB,510000,MIA
Hull,Mike,ILB,480000,MIA
John,Ulrick,LT,435000,MIA
Hazel,Matt,WR,435000,MIA
Gary,Shamiel,S,435000,MIA
Solder,Nate,LT,10031000,NE
McCourty,Devin,S,9500000,NE
Brady,Tom,QB,9000000,NE
Gronkowski,Rob,TE,9000000,NE
Sheard,Jabaal,DE,5500000,NE
Mayo,Jerod,ILB,4500000,NE
Cannon,Marcus,LT,4500000,NE
Gostkowski,Stephen,K,4300000,NE
Edelman,Julian,WR,4250000,NE
Amendola,Danny,WR,4250000,NE
Vollmer,Sebastian,RT,4187500,NE
Ninkovich,Rob,DE,3500000,NE
Wendell,Ryan,C,3425000,NE
LaFell,Brandon,WR,3000000,NE
Chung,Patrick,S,2733333,NE
Chandler,Scott,TE,2650000,NE
Branch,Alan,DT,2150000,NE
Jones,Chandler,OLB,2043138,NE
Allen,Ryan,P,2033333,NE
Brown,Tarell,CB,2000000,NE
Slater,Matthew,WR,2000000,NE
Hightower,Dont'a,OLB,1931001,NE
Brown,Malcolm,DT,1903307,NE
Easley,Dominique,DT,1825887,NE
Freeny,Jonathan,ILB,1750000,NE
Kline,Josh,G,1650000,NE
Martin,Keshawn,WR,1500000,NE
Lewis,Dion,RB,1300000,NE
Bolden,Brandon,RB,1160000,NE
Wilson,Tavon,S,1052096,NE
Bostic,Jon,ILB,985200,NE
Jackson,Steven,RB,970000,NE
Collins,Jamie,OLB,940250,NE
Richards,Jordan,S,927887,NE
Garoppolo,Jimmy,QB,870975,NE
Blount,LeGarrette,RB,865000,NE
Dobson,Aaron,WR,857093,NE
Fletcher,Dane,ILB,825000,NE
Gibson,Brandon,WR,825000,NE
Watson,Dekoda,OLB,745000,NE
Grissom,Geno,DE,722988,NE
Johnson,Leonard,CB,710000,NE
Kitchen,Ishmaa'ily,DT,710000,NE
Flowers,Trey,DE,709733,NE
Jackson,Tre',G,700935,NE
Ryan,Logan,CB,693313,NE
Mason,Shaq,G,680881,NE
Harmon,Duron,S,677775,NE
Stork,Bryan,C,674250,NE
Hicks,Akiem,DE,670100,NE
Develin,James,FB,660000,NE
Siliga,Sealver,DT,660000,NE
White,James,RB,654272,NE
Martin,Eric,ILB,630000,NE
Fleming,Darius,OLB,630000,NE
Cardona,Joe,LS,620000,NE
Tyms,Brian,WR,600000,NE
Derby,A.J.,TE,598013,NE
Roberts,Darryl,CB,583556,NE
Gaffney,Tyler,RB,579150,NE
Jones,Chris,DT,563128,NE
Ebner,Nate,S,549150,NE
Andrews,David,C,530000,NE
Butler,Malcolm,CB,510000,NE
Fleming,Cameron,G,510000,NE
Waddle,LaAdrian,RT,498333,NE
Williams,Michael,TE,480000,NE
Harper,Chris,WR,480000,NE
Johnson,Rufus,OLB,435000,NE
King,Brandon,S,435000,NE
Coleman,Justin,CB,435000,NE
Revis,Darrelle,CB,14024212,NYJ
Ferguson,D'Brickashaw,LT,10000000,NYJ
Marshall,Brandon,WR,8666667,NYJ
Cromartie,Antonio,CB,8000000,NYJ
Mangold,Nick,C,7725000,NYJ
Decker,Eric,WR,7250000,NYJ
Harris,David,ILB,7166667,NYJ
Skrine,Buster,CB,6250000,NYJ
Gilchrist,Marcus,S,5500000,NYJ
Carpenter,James,G,4775000,NYJ
Williams,Leonard,DT,4657717,NYJ
Giacomini,Breno,RT,4500000,NYJ
Fitzpatrick,Ryan,QB,3625000,NYJ
Kerley,Jeremy,WR,3500000,NYJ
Milliner,Dee,CB,3165250,NYJ
Folk,Nick,K,3000000,NYJ
Richardson,Sheldon,DE,2513500,NYJ
Pace,Calvin,OLB,2375000,NYJ
Harrison,Damon,DT,2356000,NYJ
Pryor,Calvin,S,2140813,NYJ
Powell,Bilal,RB,2000000,NYJ
Ivory,Chris,RB,2000000,NYJ
Cumberland,Jeff,TE,1900000,NYJ
Wilkerson,Muhammad,DE,1718750,NYJ
Jarrett,Jaiquawn,S,1542000,NYJ
Smith,Devin,WR,1468105,NYJ
Smith,Geno,QB,1254901,NYJ
Ridley,Stevan,RB,1250000,NYJ
Douzable,Leger,DT,1200000,NYJ
Amaro,Jace,TE,1073248,NYJ
Bowen,Stephen,DE,960000,NYJ
Davis,Kellen,TE,950000,NYJ
Colon,Willie,G,950000,NYJ
Walls,Darrin,CB,950000,NYJ
Purdum,Tanner,LS,905000,NYJ
Lattimore,Jamari,ILB,825000,NYJ
Ijalana,Benjamin,LT,760000,NYJ
Mauldin,Lorenzo,OLB,752005,NYJ
Henderson,Erin,ILB,745000,NYJ
Winters,Brian,G,725969,NYJ
McDougle,Dexter,CB,715969,NYJ
Petty,Bryce,QB,708424,NYJ
Davis,Demario,ILB,704490,NYJ
Bullock,Randy,K,660000,NYJ
Dozier,Dakota,G,630146,NYJ
Martin,Josh,OLB,630000,NYJ
Owusu,Chris,WR,615000,NYJ
Thompkins,Kenbrell,WR,585000,NYJ
Stacy,Zac,RB,584125,NYJ
Reilly,Trevor,OLB,569212,NYJ
Bohanon,Tommy,FB,555562,NYJ
Johnson,Wesley,C,555000,NYJ
Catapano,Mike,DE,555000,NYJ
Martin,Ronald,S,525000,NYJ
Qvale,Brent,RT,525000,NYJ
Jones,Taiwan,LB,525000,NYJ
Allen,Antonio,CB,525000,NYJ
Enunwa,Quincy,WR,525000,NYJ
Williams,Marcus,CB,510667,NYJ
Miles,Rontez,S,510000,NYJ
Sudfeld,Zach,TE,499000,NYJ
Quigley,Ryan,P,495000,NYJ
Bailey,Dion,S,480000,NYJ
Flacco,Joe,QB,20100000,BAL
Smith,Jimmy,CB,10275500,BAL
Yanda,Marshal,G,7979412,BAL
Monroe,Eugene,LT,7500000,BAL
Pitta,Dennis,TE,6400000,BAL
Webb,Lardarius,CB,5416667,BAL
Dumervil,Elvis,OLB,5200000,BAL
Suggs,Terrell,OLB,5175000,BAL
Zuttah,Jeremy,C,4083333,BAL
Hill,Will,S,3503023,BAL
Smith,Steve,WR,3500000,BAL
Smith,Daryl,ILB,3400000,BAL
Koch,Sam,P,3250000,BAL
Forsett,Justin,RB,3000000,BAL
Tucker,Justin,K,2356000,BAL
Arrington,Kyle,CB,2333333,BAL
Canty,Chris,DE,2325000,BAL
Mosley,C.J.,ILB,2197001,BAL
Perriman,Breshad,WR,2176329,BAL
Schaub,Matt,QB,2000000,BAL
Lewis,Kendrick,S,1800000,BAL
Elam,Matt,S,1691751,BAL
Upshaw,Courtney,OLB,1324175,BAL
Guy,Lawrence,DE,1150000,BAL
Clausen,Jimmy,QB,1125000,BAL
McClellan,Albert,ILB,1100000,BAL
Levine,Anthony,S,1100000,BAL
Jernigan,Timmy,DT,1095629,BAL
Williams,Maxx,TE,1013185,BAL
Wright,Shareece,CB,900000,BAL
Brown,Arthur,ILB,888558,BAL
Osemele,Kelechi,G,836468,BAL
Cox,Morgan,LS,825000,BAL
Mallett,Ryan,QB,815735,BAL
Gordon,Richard,TE,745000,BAL
Carter,Chris,OLB,745000,BAL
Davis,Carl,DT,738084,BAL
Brooks,Terrence,S,717844,BAL
Smith,Za'Darius,OLB,690788,BAL
Allen,Javorius,RB,688618,BAL
Gillmore,Crockett,TE,681504,BAL
Davis,Will,CB,675300,BAL
Williams,Brandon,DT,668750,BAL
Reisner,Allen,TE,660000,BAL
Walker,Tray,CB,656423,BAL
Givens,Chris,WR,649257,BAL
Taliaferro,Lorenzo,RB,630146,BAL
Urban,Brent,DE,630146,BAL
Juszczyk,Kyle,FB,615146,BAL
Boyle,Nick,TE,611564,BAL
Waller,Darren,TE,597774,BAL
Urschel,John,G,591140,BAL
Reuland,Konrad,TE,585000,BAL
Aiken,Kamar,WR,585000,BAL
Trawick,Brynden,S,585000,BAL
Ford,Chase,TE,585000,BAL
Wagner,Ricky,RT,576140,BAL
Campanaro,Michael,WR,571875,BAL
Lewis-Moore,Kapron,DE,562058,BAL
Wilson,Julian,CB,528000,BAL
Worthy,Cam,WR,525833,BAL
Jensen,Ryan,RT,525000,BAL
Brown,Daniel,WR,525000,BAL
Hurst,James,LT,513000,BAL
Orr,Zach,ILB,511000,BAL
Matthews,Chris,WR,510000,BAL
West,Terrance,RB,510000,BAL
Price,Sheldon,CB,510000,BAL
Butler,Jeremy,WR,510000,BAL
Rolle,Jumal,CB,510000,BAL
Brown,Marlon,WR,496667,BAL
Wesley,De'Ondre,G,435000,BAL
Whitehead,Jermaine,S,435000,BAL
Reynolds,Micajah,DT,435000,BAL
Clay,Kaelin,WR,435000,BAL
Magee,Terrence,RB,435000,BAL
Dalton,Andy,QB,16000000,CIN
Green,A.J.,WR,15000000,CIN
Atkins,Geno,DT,10665400,CIN
Hall,Leon,CB,9750000,CIN
Whitworth,Andrew,LT,9000000,CIN
Dunlap,Carlos,DE,7874000,CIN
Smith,Andre,RT,6000000,CIN
Boling,Clint,G,5200000,CIN
Maualuga,Rey,ILB,5000000,CIN
Johnson,Michael,DE,5000000,CIN
Burfict,Vontaze,OLB,4751000,CIN
Peko,Domata,DT,4500000,CIN
Nelson,Reggie,S,4500000,CIN
Huber,Kevin,P,2800000,CIN
Lamur,Emmanuel,OLB,2356000,CIN
Ogbuehi,Cedric,LT,2331419,CIN
Kirkpatrick,Dre,CB,2155699,CIN
Rey,Vincent,ILB,2100000,CIN
Gilberry,Wallace,DE,2100000,CIN
Eifert,Tyler,TE,2064000,CIN
Dennard,Darqueze,CB,1994725,CIN
Zeitler,Kevin,G,1886050,CIN
Jones,Adam-Pacman,CB,1783333,CIN
Nugent,Mike,K,1750000,CIN
Hawk,A.J.,OLB,1625000,CIN
Bernard,Giovani,RB,1313466,CIN
Peerman,Cedric,RB,1065000,CIN
Fisher,Jake,LT,1064880,CIN
Harris,Clark,LS,990000,CIN
Winston,Eric,RT,950000,CIN
Sims,Pat,DT,950000,CIN
Hill,Jeremy,RB,938401,CIN
Hunt,Margus,DE,917776,CIN
Tate,Brandon,WR,825000,CIN
Kroft,Tyler,TE,750319,CIN
Dawson,Paul,OLB,722988,CIN
Clarke,Will,DE,705095,CIN
Shaw,Josh,CB,693431,CIN
Williams,Shawn,S,690236,CIN
Sanu,Mohamed,WR,678313,CIN
Thompson,Brandon,DT,672800,CIN
Bodine,Russell,C,669114,CIN
Hardison,Marcus,DT,656423,CIN
Lewis-Harris,Chris,CB,630000,CIN
Uzomah,C.J.,TE,623191,CIN
McCarron,A.J.,QB,600413,CIN
Smith,Derron,S,599658,CIN
Alford,Mario,WR,584776,CIN
Flowers,Marquis,OLB,574670,CIN
Wright,James,WR,567456,CIN
Jones,Marvin,WR,565700,CIN
Burkhead,Rex,RB,565550,CIN
Iloka,George,S,565075,CIN
Hewitt,Ryan,FB,513333,CIN
Wenning,Keith,QB,480000,CIN
Johnson,T.J.,C,465000,CIN
Haden,Joe,CB,13500000,CLE
Thomas,Joe,LT,11500000,CLE
Mack,Alex,C,8400000,CLE
Kruger,Paul,OLB,8100000,CLE
Whitner,Donte,S,7000000,CLE
Williams,Tramon,CB,7000000,CLE
Bryant,Desmond,DE,6800000,CLE
Bowe,Dwayne,WR,6250000,CLE
Dansby,Karlos,ILB,6000000,CLE
McCown,Josh,QB,4666667,CLE
Barnidge,Gary,TE,4100000,CLE
Mingo,Barkevious,OLB,4086750,CLE
Hawkins,Andrew,WR,3400000,CLE
Lee,Andy,P,3400000,CLE
Starks,Randy,DE,3250000,CLE
Gilbert,Justin,CB,3208376,CLE
Hughes,John,DE,3200000,CLE
Hartline,Brian,WR,3000000,CLE
Shelton,Danny,DT,2925917,CLE
Erving,Cameron,G,2357266,CLE
Robertson,Craig,ILB,2356000,CLE
Gipson,Tashaun,S,2356000,CLE
Manziel,Johnny,QB,2062149,CLE
Davis,Austin,QB,2025000,CLE
Dray,Jim,TE,1875000,CLE
Greco,John,G,1605000,CLE
Bademosi,Johnson,CB,1542000,CLE
Bitonio,Joel,G,1365425,CLE
Gordon,Josh,WR,1335412,CLE
Schwartz,Mitchell,RT,1292710,CLE
Orchard,Nate,OLB,1116576,CLE
Moore,Marlon,WR,950000,CLE
Johnson,Duke,RB,776273,CLE
Kirksey,Christian,ILB,760000,CLE
Cooper,Xavier,DE,726821,CLE
Campbell,Ibraheim,S,698003,CLE
Pryor,Terrelle,WR,660000,CLE
Pasztor,Austin,G,660000,CLE
Desir,Pierre,CB,656903,CLE
Benjamin,Travis,WR,644250,CLE
Gaines,Charles,CB,600534,CLE
Johnson,Malcolm,FB,599863,CLE
Telfer,Randall,TE,599384,CLE
Devlin,Pat,QB,585000,CLE
Ekpre-Olomu,Ifo,CB,584325,CLE
Bryant,Armonty,OLB,555150,CLE
Poyer,Jordan,S,555064,CLE
Johnson,Cam,OLB,555000,CLE
Bowie,Michael,RT,551474,CLE
Jones,Don,S,551474,CLE
Williams,K'Wuan,CB,550000,CLE
Mostert,Raheem,RB,526667,CLE
Solomon,Scott,OLB,525000,CLE
Carder,Tank,ILB,525000,CLE
Bibbs,E.J.,TE,525000,CLE
Crowell,Isaiah,RB,513333,CLE
Shaw,Connor,QB,511667,CLE
Winston,Glenn,RB,510000,CLE
Gabriel,Taylor,WR,510000,CLE
Hall,Rannell,WR,480000,CLE
Hughlett,Charley,LS,465000,CLE
Jennings,Darius,WR,435000,CLE
Johnson,Kaleb,T,435000,CLE
Meder,Jamie,DT,435000,CLE
Miller,Darrian,T,435000,CLE
Coons,Travis,K,435000,CLE
Roethlisberger,Ben,QB,21850000,PIT
Heyward,Cameron,DE,9866667,PIT
Timmons,Lawrence,ILB,9559150,PIT
Pouncey,Maurkice,C,8827325,PIT
Brown,Antonio,WR,8392000,PIT
Gilbert,Marcus,RT,6163000,PIT
Allen,Cortez,CB,6150000,PIT
Mitchell,Mike,S,5000000,PIT
Miller,Heath,TE,4000000,PIT
Suisham,Shaun,K,3201667,PIT
Moats,Arthur,OLB,2500000,PIT
McLendon,Steve,DT,2416667,PIT
Shazier,Ryan,ILB,2376803,PIT
Dupree,Bud,OLB,2305571,PIT
Jones,Jarvis,OLB,2176376,PIT
Williams,DeAngelo,RB,2000000,PIT
Thomas,Cam,DE,2000000,PIT
DeCastro,David,G,1953475,PIT
Foster,Ramon,G,1833333,PIT
Gradkowski,Bruce,QB,1650000,PIT
Blake,Antwon,CB,1542000,PIT
Golden,Robert,S,1542000,PIT
Johnson,Will,FB,1542000,PIT
Gay,William,CB,1500000,PIT
Harrison,James,OLB,1375000,PIT
Wallace,Cody,C,1160000,PIT
Tuitt,Stephon,DE,1152362,PIT
Spaeth,Matt,TE,1100000,PIT
Allen,Will,S,1050000,PIT
Warren,Greg,LS,1050000,PIT
Bell,Le'Veon,RB,1030150,PIT
Golson,Senquez,CB,1000260,PIT
Vick,Michael,QB,970000,PIT
Adams,Mike,LT,885913,PIT
Heyward-Bey,Darrius,WR,825000,PIT
Geathers,Clifton,DE,825000,PIT
Todman,Jordan,RB,745000,PIT
Legursky,Doug,C,745000,PIT
Nelson,David,WR,745000,PIT
Coates,Sammie,WR,727879,PIT
Wheaton,Markus,WR,702844,PIT
Spence,Sean,ILB,676345,PIT
Bryant,Martavis,WR,664805,PIT
Stingily,Byron,RT,660000,PIT
Thomas,Shamarko,S,653288,PIT
Jones,Landry,QB,649805,PIT
Ventrone,Ross,S,630000,PIT
Boykin,Brandon,CB,626367,PIT
James,Jesse,TE,622228,PIT
Walton,Leterrius,DE,599233,PIT
Garvin,Terence,ILB,585000,PIT
Zumwalt,Jordan,ILB,581213,PIT
McCullers,Daniel,DT,574670,PIT
Williams,Vince,ILB,559670,PIT
Toussaint,Fitz,RB,555000,PIT
Beachum,Kelvin,LT,536474,PIT
Rogers,Eli,WR,526667,PIT
Hatchie,Micah,RT,525333,PIT
Berry,Jordan,P,525000,PIT
Boswell,Chris,K,480000,PIT
Grant,Doran,CB,480000,PIT
Fort,L.J.,ILB,480000,PIT
Villanueva,Alejandro,LT,480000,PIT
Hubbard,Chris,G,465000,PIT
Blanchflower,Rob,TE,435000,PIT
Chickillo,Anthony,DE,435000,PIT
Cockrell,Ross,CB,435000,PIT
Nix,Roosevelt,FB,435000,PIT
VanDyk,Mitchell,LT,435000,PIT
Palmer,Kelvin,RT,435000,PIT
Watt,J.J.,DE,16667571,HOU
Brown,Duane,LT,8900000,HOU
Cushing,Brian,ILB,8750000,HOU
Foster,Arian,RB,8700000,HOU
Jackson,Kareem,CB,8500000,HOU
Joseph,Johnathan,CB,6750000,HOU
Mercilus,Whitney,OLB,6500000,HOU
Clowney,Jadeveon,OLB,5568250,HOU
Newton,Derek,RT,5300000,HOU
Hoyer,Brian,QB,5250000,HOU
Wilfork,Vince,DT,4500000,HOU
Moore,Rahim,S,4000000,HOU
Graham,Garrett,TE,3750000,HOU
Shorts,Cecil,WR,3000000,HOU
Johnson,Kevin,CB,2512353,HOU
Dent,Akeem,ILB,2250000,HOU
Hopkins,DeAndre,WR,1906676,HOU
Lechler,Shane,P,1833333,HOU
Clark,Chris,RT,1738500,HOU
Su'a-Filo,Xavier,G,1387900,HOU
McKinney,Benardrick,ILB,1336281,HOU
Washington,Nate,WR,1000000,HOU
Weeks,Jon,LS,975000,HOU
Demps,Quintin,S,870000,HOU
Novak,Nick,K,870000,HOU
Strong,Jaelen,WR,820337,HOU
Fiedorowicz,C.J.,TE,798779,HOU
Polk,Chris,RB,760000,HOU
Yates,T.J.,QB,745000,HOU
Brooks,Brandon,G,700000,HOU
Jones,Ben,C,645362,HOU
Savage,Tom,QB,630146,HOU
Crick,Jared,DE,622875,HOU
Weeden,Brandon,QB,615000,HOU
Mumphery,Keith,WR,611564,HOU
Cliett,Reshard,OLB,592622,HOU
Covington,Christian,DT,592622,HOU
Aboushi,Oday,G,589750,HOU
Pagan,Jeoffrey,DE,587205,HOU
Simon,John,OLB,585000,HOU
Blue,Alfred,RB,584483,HOU
Prosch,Jay,FB,574670,HOU
Hal,Andre,S,572281,HOU
Bullough,Max,ILB,570000,HOU
Quessenberry,David,LT,568363,HOU
Ballentine,Lonnie,S,566474,HOU
Griffin,Ryan,TE,559670,HOU
Daniels,B.J.,WR,550000,HOU
Dunn,Brandon,DT,550000,HOU
Grimes,Johnathan,RB,545000,HOU
Mancz,Greg,C,527000,HOU
Drummond,Kurtis,S,526667,HOU
Slade,Chad,G,526667,HOU
Thompson,Carlos,OLB,525833,HOU
Lamm,Kendall,LT,525667,HOU
Peters,Brian,ILB,525000,HOU
Denham,Anthony,TE,510000,HOU
James,Charles,CB,510000,HOU
Morris,Darryl,CB,497667,HOU
Bouye,A.J.,CB,496667,HOU
Tuggle,Justin,ILB,495833,HOU
Moore,Corey,S,495000,HOU
Hunt,Akeem,RB,480000,HOU
Adams,Jeff,G,465000,HOU
Pleasant,Eddie,S,430000,HOU
Hilton,T.Y.,WR,13000000,IND
Castonzo,Anthony,LT,10953000,IND
Mathis,Robert,OLB,9000000,IND
Davis,Vontae,CB,9000000,IND
Johnson,Andre,WR,7000000,IND
Cole,Trent,OLB,7000000,IND
Jones,Arthur,DT,6600000,IND
Luck,Andrew,QB,5527000,IND
Jackson,D'Qwell,ILB,5500000,IND
Toler,Greg,CB,4750000,IND
Langford,Kendall,DE,4300000,IND
Gore,Frank,RB,4000000,IND
Walden,Erik,OLB,4000000,IND
Hasselbeck,Matt,QB,3000000,IND
McAfee,Pat,P,2900000,IND
Reitz,Joe,G,2666667,IND
Butler,Darius,CB,2500000,IND
Vinatieri,Adam,K,2500000,IND
Adams,Mike,S,2425000,IND
Irving,Nate,ILB,2416667,IND
Freeman,Jerrell,ILB,2356000,IND
Whitehurst,Charlie,QB,2125000,IND
Dorsett,Phillip,WR,2033854,IND
Werner,Bjoern,OLB,1974100,IND
Fleener,Coby,TE,1335412,IND
Overton,Matt,LS,1000000,IND
Lowery,Dwight,S,950000,IND
Mewhort,Jack,RT,893450,IND
Bradshaw,Ahmad,RB,870000,IND
Smith,D'Joun,CB,839947,IND
Anderson,Colt,S,825000,IND
Studebaker,Andy,OLB,815000,IND
Allen,Dwayne,TE,770076,IND
Moore,Sio,ILB,763708,IND
Brown,Jalil,CB,752500,IND
Freeman,Josh,QB,752500,IND
Louis,Lance,G,737500,IND
Anderson,Henry,DE,720529,IND
Guy,Winston,S,710000,IND
Geathers,Clayton,S,703483,IND
Moncrief,Donte,WR,702130,IND
Thornton,Hugh,G,683845,IND
Lindley,Ryan,QB,667500,IND
Herron,Dan,RB,660000,IND
Holmes,Khaled,C,645027,IND
McNary,Josh,ILB,630000,IND
Parry,David,DT,625002,IND
Mitchel,Tevin,CB,603291,IND
Newsome,Jonathan,OLB,599527,IND
Goode,Denzell,RT,583196,IND
Winn,Billy,DE,544670,IND
Sylvestre,Junior,ILB,527667,IND
Varga,Tyler,RB,527000,IND
Mitchell,Joshua,CB,525667,IND
McGill,T.Y.,DT,525000,IND
Harrison,Jonotthan,C,512500,IND
Kerr,Zach,DT,512000,IND
Morris,Stephen,QB,511667,IND
Davis,Akeem,S,510000,IND
Doyle,Jack,TE,496667,IND
Glover-Wright,Devonta,CB,480000,IND
Bray,Quan,WR,480000,IND
Quarles,Kelcy,DT,480000,IND
Williams,Trey,RB,480000,IND
Swoope,Erik,TE,480000,IND
Herrera,Amarlo,ILB,480000,IND
Okine,Earl,DE,480000,IND
Thomas,Julius,TE,9200000,JAX
Odrick,Jared,DE,8500000,JAX
Parnell,Jermey,RT,6400000,JAX
House,Davon,CB,6125000,JAX
Beadles,Zane,G,6000000,JAX
FowlerJr.,Dante,OLB,5872563,JAX
Joeckel,Luke,LT,5300400,JAX
Bortles,Blake,QB,5163703,JAX
Posluszny,Paul,ILB,5000000,JAX
Blackmon,Justin,WR,4628003,JAX
Marks,Sen'Derrick,DT,4500000,JAX
Clemons,Chris,DE,4375000,JAX
Skuta,Dan,OLB,4100000,JAX
Miller,Roy,DT,4062500,JAX
Henne,Chad,QB,4000000,JAX
Gerhart,Toby,RB,3500000,JAX
Alualu,Tyson,DT,3000000,JAX
Lewis,Marcedes,TE,2650000,JAX
Wisniewski,Stefen,C,2500000,JAX
Brown,Sergio,S,2333333,JAX
Harbor,Clay,TE,1500000,JAX
Yeldon,T.J.,RB,1478444,JAX
Cyprien,John,S,1367276,JAX
Lee,Marqise,WR,1293506,JAX
Branch,Andre,DE,1272484,JAX
Tinker,Carson,LS,903542,JAX
Robinson,Allen,WR,877718,JAX
Cann,A.J.,G,843149,JAX
Young,Sam,LT,787500,JAX
Gratz,Dwayne,CB,775163,JAX
Anger,Bryan,P,719292,JAX
Walters,Bryan,WR,710000,JAX
Sample,James,S,707146,JAX
Linder,Brandon,G,697400,JAX
Colvin,Aaron,CB,668288,JAX
Pierce,Bernard,RB,663986,JAX
Greene,Rashad,WR,630954,JAX
Banyard,Joe,RB,630000,JAX
Bartu,Joplo,OLB,630000,JAX
Benn,Arrelious,WR,630000,JAX
Smith,Telvin,OLB,607763,JAX
Bennett,Michael,DT,604675,JAX
Smith,Chris,DE,601813,JAX
Robinson,Denard,RB,593403,JAX
Davis,Ryan,DE,585000,JAX
Bowanko,Luke,C,578513,JAX
Evans,Josh,S,572205,JAX
Sterling,Neal,WR,570000,JAX
Pullard,Hayes,ILB,570000,JAX
McCray,Demetrius,CB,556741,JAX
Gray,Jonas,RB,555000,JAX
Tripp,Jordan,OLB,555000,JAX
Thompson,Peyton,S,550000,JAX
Armbrister,Thurston,ILB,529167,JAX
Grant,Corey,RB,526667,JAX
Marshall,Nick,CB,526667,JAX
Myers,Jason,K,525000,JAX
Hurns,Allen,WR,515000,JAX
Shatley,Tyler,G,511667,JAX
Copeland,Damian,WR,511667,JAX
Wells,Josh,RT,511000,JAX
Loston,Craig,S,510000,JAX
Jones,Abry,DT,495833,JAX
Ash,Richard,DT,495000,JAX
Washington,Tony,WR,480000,JAX
Jacobs,Nic,TE,465000,JAX
Casey,Jurrell,DE,9000000,TEN
Orakpo,Brian,OLB,7750000,TEN
McCourty,Jason,CB,7173333,TEN
Griffin,Michael,S,7000000,TEN
Morgan,Derrick,OLB,6750000,TEN
Mariota,Marcus,QB,6053494,TEN
Searcy,Da'Norris,S,5937500,TEN
Cox,Perrish,CB,5000000,TEN
Walker,Delanie,TE,4375000,TEN
Woodyard,Wesley,ILB,3937500,TEN
LeeHill,Sammie,DT,3800000,TEN
Douglas,Harry,WR,3750000,TEN
Warmack,Chance,G,3041663,TEN
McCluster,Dexter,RB,3000000,TEN
Kern,Brett,P,3000000,TEN
Lewan,Taylor,LT,2871251,TEN
Pitoitua,Ropati,DE,2866667,TEN
Fasano,Anthony,TE,2625000,TEN
Stevens,Craig,TE,2600000,TEN
Succop,Ryan,K,2400000,TEN
Wright,Kendall,WR,2054613,TEN
Woods,Al,DT,2000000,TEN
Klug,Karl,DT,1850000,TEN
Bell,Byron,RT,1500000,TEN
Green-Beckham,Dorial,WR,1400899,TEN
Hunter,Justin,WR,1356037,TEN
Brinkley,Beau,LS,1150000,TEN
Brown,Zach,ILB,964575,TEN
Sankey,Bishop,RB,960862,TEN
Poutasi,Jeremiah,RT,846461,TEN
Johnson,Steven,ILB,785000,TEN
Harris,Brandon,CB,745000,TEN
Meredith,Jamon,RT,737500,TEN
Wreh-Wilson,Blidi,CB,734331,TEN
Blackson,Angelo,DE,712904,TEN
Johnson,Damaris,WR,710000,TEN
Fowler,Jalston,FB,704429,TEN
Martin,Mike,DT,681890,TEN
Jones,DaQuan,DE,668850,TEN
Huff,Marqueston,S,661301,TEN
Dickerson,Dorin,TE,660000,TEN
Looney,Joe,G,660000,TEN
Schwenke,Brian,C,656065,TEN
Sensabaugh,Coty,CB,633023,TEN
Cobb,David,RB,631417,TEN
Webb,B.W.,CB,630000,TEN
Aubrey,Josh,S,630000,TEN
Mount,Deiontrez,OLB,607038,TEN
Williamson,Avery,ILB,603613,TEN
Gallik,Andy,C,595368,TEN
Mettenberger,Zach,QB,586279,TEN
Staples,Justin,OLB,555000,TEN
Stafford,Daimion,S,551474,TEN
Supernaw,Phillip,TE,550000,TEN
Bass,David,OLB,540000,TEN
Riley,Curtis,CB,529000,TEN
Riggs,Cody,CB,527333,TEN
Spain,Quinton,G,527000,TEN
McBride,Tre,WR,480000,TEN
Tanney,Alex,QB,480000,TEN
Tavai,J.R.,DT,480000,TEN
Turzilli,Andrew,WR,480000,TEN
Cudjoe-Virgil,Yannik,OLB,480000,TEN
Andrews,Antonio,RB,465000,TEN
Manning,Peyton,QB,17000000,DEN
Thomas,Demaryius,WR,14000000,DEN
Clady,Ryan,LT,10500000,DEN
Ware,DeMarcus,OLB,10000000,DEN
Talib,Aqib,CB,9500000,DEN
Wolfe,Derek,DE,9175000,DEN
Harris,Chris,CB,8500000,DEN
Davis,Vernon,TE,7350000,DEN
Vasquez,Louis,G,5875000,DEN
Ward,T.J.,S,5625000,DEN
Miller,Von,OLB,5250095,DEN
Sanders,Emmanuel,WR,5000000,DEN
Daniels,Owen,TE,4083333,DEN
Colquitt,Britton,P,3892333,DEN
Mathis,Evan,G,3250000,DEN
Green,Virgil,TE,2800000,DEN
Ray,Shane,OLB,2279724,DEN
Stewart,Darian,S,2125000,DEN
Smith,Antonio,DE,2000000,DEN
Walker,Vance,DE,2000000,DEN
Williams,Sylvester,DT,1895438,DEN
Roby,Bradley,CB,1738132,DEN
Bruton,David,S,1500000,DEN
Caldwell,Andre,WR,1350000,DEN
Brewer,Aaron,LS,1012500,DEN
Sambrailo,Ty,LT,961489,DEN
Latimer,Cody,WR,927163,DEN
Harris,Ryan,LT,920000,DEN
Osweiler,Brock,QB,879170,DEN
Polumbus,Tyler,LT,870000,DEN
Hillman,Ronnie,RB,750208,DEN
Williams,Kyle,WR,745000,DEN
Keo,Shiloh,S,745000,DEN
Heuerman,Jeff,TE,703452,DEN
Norwood,Jordan,WR,695000,DEN
Schofield,Michael,RT,694300,DEN
Webster,Kayvon,CB,686450,DEN
Garcia,Max,G,656423,DEN
Bolden,Omar,S,643607,DEN
Doss,Lorenzo,CB,619303,DEN
Bush,Josh,S,615000,DEN
Kilgo,Darius,DT,597889,DEN
Marshall,Brandon,ILB,585000,DEN
Siemian,Trevor,QB,583196,DEN
Jackson,Malik,DE,578403,DEN
Nelson,Corey,ILB,567150,DEN
Trevathan,Danny,ILB,551018,DEN
Thompson,Juwan,RB,511167,DEN
Barrett,Shaquil,OLB,511167,DEN
Anunike,Kenny,DE,510833,DEN
Brenner,Sam,C,510000,DEN
McCray,Lerentee,OLB,500667,DEN
Anderson,C.J.,RB,499167,DEN
Ferentz,James,C,480000,DEN
Myers,Robert,G,480000,DEN
Davis,Todd,ILB,465000,DEN
McManus,Brandon,K,465000,DEN
Fowler,Bennie,WR,435000,DEN
Paradis,Matt,C,435000,DEN
Smith,Alex,QB,17000000,KC
Houston,Justin,OLB,16833333,KC
Maclin,Jeremy,WR,11000000,KC
Charles,Jamaal,RB,9050000,KC
Berry,Eric,S,8340717,KC
Bailey,Allen,DE,6250000,KC
Hali,Tamba,OLB,6000000,KC
Fisher,Eric,LT,5547625,KC
Johnson,Derrick,ILB,5530000,KC
Smith,Sean,CB,5500000,KC
Grubbs,Ben,G,5050000,KC
Parker,Ron,S,5000000,KC
DeVito,Mike,DE,4200000,KC
Colquitt,Dustin,P,3750000,KC
Reid,Jah,RT,3400000,KC
Daniel,Chase,QB,3333333,KC
Poe,Dontari,DT,2830002,KC
Mauga,Josh,ILB,2750000,KC
Peters,Marcus,CB,2396039,KC
Sherman,Anthony,FB,2333333,KC
Branch,Tyvon,S,2100000,KC
Fanaika,Paul,G,2050000,KC
Ford,Dee,OLB,2039675,KC
Morse,Mitch,C,1168269,KC
Allen,Jeff,G,1160956,KC
Abdullah,Husain,S,1137500,KC
Bray,Tyler,QB,962500,KC
Avant,Jason,WR,950000,KC
Zombo,Frank,OLB,812500,KC
Kelce,Travis,TE,781576,KC
Conley,Chris,WR,780921,KC
Nelson,Steven,CB,729363,KC
Gaines,Phillip,CB,706028,KC
Stephenson,Donald,LT,703125,KC
Wilson,Ramik,ILB,701781,KC
Davis,Knile,RB,685254,KC
Thomas,De'Anthony,WR,666277,KC
Howard,Jaye,DT,633716,KC
Alexander,D.J.,ILB,618314,KC
O'Shaughnessy,James,TE,618314,KC
Fleming,Jamell,S,615000,KC
Murray,Aaron,QB,600606,KC
Nunez-Roches,Rakeem,DE,592622,KC
Fulton,Zach,G,587305,KC
Duvernay-Tardif,Laurent,G,586325,KC
Moses,Dezman,OLB,585000,KC
Hammond,Frankie,WR,555000,KC
Ware,Spencer,RB,555000,KC
Cooper,Marcus,CB,551474,KC
March,Justin,OLB,528333,KC
Parker,Brian,TE,527333,KC
Wilson,Albert,WR,513333,KC
Santos,Cairo,K,510667,KC
Harris,Demetrius,TE,510000,KC
Pughsley,Jarrod,LT,480000,KC
Winchester,James,LS,480000,KC
Feigt,Curtis,RT,480000,KC
West,Charcandrick,RB,465000,KC
Sorensen,Daniel,S,465000,KC
Williams,Nick,DE,465000,KC
King,David,DE,465000,KC
Rooks,Tavon,LT,435000,KC
Hudson,Rodney,C,8900000,OAK
Crabtree,Michael,WR,8500000,OAK
Smith,Aldon,OLB,8000000,OAK
Williams,Dan,DT,6250000,OAK
Howard,Austin,RT,6000000,OAK
Lofton,Curtis,ILB,6000000,OAK
Allen,Nate,S,5750000,OAK
Cooper,Amari,WR,5665779,OAK
Tuck,Justin,DE,5000000,OAK
Penn,Donald,LT,4800000,OAK
Mack,Khalil,OLB,4669250,OAK
Janikowski,Sebastian,K,3775000,OAK
Reece,Marcel,FB,3673333,OAK
Smith,Malcolm,ILB,3500000,OAK
Woodson,Charles,S,3200000,OAK
Smith,Lee,TE,3116667,OAK
Hayden,D.J.,CB,2580925,OAK
Streater,Rod,WR,2356000,OAK
Helu,Roy,RB,2050000,OAK
Olawale,Jamize,FB,2000000,OAK
King,Marquette,P,1542000,OAK
Asante,Larry,S,1542000,OAK
Holmes,Andre,WR,1542000,OAK
Edwards,Mario,DE,1504291,OAK
Barnes,Khalif,LT,1500000,OAK
Jones,Taiwan,RB,1451667,OAK
Carr,Derek,QB,1342950,OAK
Watson,Menelik,RT,1198713,OAK
Condo,Jon,LS,1066667,OAK
Amerson,David,CB,962726,OAK
Alexander,Lorenzo,OLB,870000,OAK
Gafford,Thomas,LS,870000,OAK
Walford,Clive,TE,836363,OAK
Webb,J'Marcus,RT,745000,OAK
Mays,Taylor,S,745000,OAK
Jackson,Gabe,G,738197,OAK
Feliciano,Jon,G,685163,OAK
Ellis,Justin,DE,673172,OAK
McGill,Keith,CB,666300,OAK
Ross,Jeremy,WR,660000,OAK
Bergstrom,Tony,C,651504,OAK
Heeney,Ben,ILB,630681,OAK
Ball,Neiron,OLB,621331,OAK
Debose,Andre,WR,589253,OAK
McCants,Matt,RT,585000,OAK
Thorpe,Neiko,CB,585000,OAK
McDonald,Dexter,CB,584213,OAK
Carrie,Travis,CB,571741,OAK
Murray,Latavius,RB,566550,OAK
Rivera,Mychal,TE,566213,OAK
McGee,Stacy,DT,559670,OAK
McDonald,Dewey,S,555000,OAK
Lotulelei,John,OLB,555000,OAK
Hall,Jimmy,S,531667,OAK
McDonald,Tevin,S,526167,OAK
Toomer,Korey,OLB,510000,OAK
Mayowa,Benson,OLB,495000,OAK
McGloin,Matt,QB,495000,OAK
Edwards,SaQwan,CB,480000,OAK
Orr,Leon,DT,480000,OAK
Harris,Shelby,DE,465000,OAK
Autry,Denico,DE,465000,OAK
Roberts,Seth,WR,435000,OAK
Holmes,Gabe,TE,435000,OAK
Rivers,Philip,QB,20812500,SD
Liuget,Corey,DT,10250000,SD
Flowers,Brandon,CB,9100000,SD
Weddle,Eric,S,8000000,SD
Butler,Donald,ILB,7400000,SD
Franklin,Orlando,G,7300000,SD
Gates,Antonio,TE,7235000,SD
Dunlap,King,LT,7000000,SD
Floyd,Malcom,WR,3850000,SD
Scifres,Mike,P,3625000,SD
Johnson,Stevie,WR,3500000,SD
Brown,Donald,RB,3250000,SD
Fluker,D.J.,G,2850625,SD
Woodhead,Danny,RB,2750000,SD
Gordon,Melvin,RB,2667443,SD
Ingram,Melvin,OLB,2099559,SD
Robinson,Patrick,CB,2000000,SD
Lissemore,Sean,DT,2000000,SD
Verrett,Jason,CB,1972251,SD
Stuckey,Darrell,S,1900000,SD
Clemens,Kellen,QB,1500000,SD
Te'o,Manti,ILB,1293105,SD
Perryman,Denzel,ILB,1194119,SD
Barksdale,Joe,RT,1095000,SD
Attaochu,Jeremiah,OLB,1050775,SD
Reyes,Kendall,DE,1031998,SD
Mathews,Ricardo,DT,920000,SD
Conner,Kavell,ILB,900000,SD
Mays,Joe,ILB,870000,SD
Johnson,David,FB,850000,SD
Robinson,Trevor,C,850000,SD
Windt,Mike,LS,841250,SD
Mager,Craig,CB,748707,SD
Phillips,John,TE,745000,SD
Linkenbach,Jeff,RT,745000,SD
Vaughn,Cassius,CB,745000,SD
Walton,J.D.,C,745000,SD
Watt,Chris,C,704160,SD
Allen,Keenan,WR,703450,SD
Hairston,Chris,LT,685000,SD
Ross,Brandian,CB,660000,SD
Green,Ladarius,TE,637725,SD
Emanuel,Kyle,OLB,624643,SD
Philon,Darius,DE,600147,SD
Carrethers,Ryan,DT,599633,SD
Williams,Steve,CB,588200,SD
Square,Damion,DE,585000,SD
Troutman,Johnnie,G,572938,SD
Williams,Tourek,OLB,567515,SD
Phillips,Adrian,S,555000,SD
Cleveland,Asante,TE,555000,SD
Hekking,Brock,OLB,527500,SD
Dzubnar,Nick,ILB,526667,SD
Lambo,Josh,K,526667,SD
ChiAriguzo,Chi,ILB,526333,SD
Smith,Dreamius,RB,525000,SD
Williams,Tyrell,WR,525000,SD
Burwell,Tyreek,T,525000,SD
Palepoi,Tenny,DT,514167,SD
Ducre,Greg,CB,510000,SD
Oliver,Branden,RB,510000,SD
Daniels,Matt,S,502500,SD
Wiggins,Kenny,G,502500,SD
Addae,Jahleel,S,496667,SD
McGrath,Sean,TE,480000,SD
Herndon,Javontee,WR,480000,SD
Inman,Dontrelle,WR,472500,SD
Law,Cordarro,OLB,465000,SD
Romo,Tony,QB,18000000,DAL
Bryant,Dez,WR,14000000,DAL
Smith,Tyron,LT,12200000,DAL
Hardy,Greg,DE,11311600,DAL
Carr,Brandon,CB,10020000,DAL
Crawford,Tyrone,DT,9000000,DAL
Witten,Jason,TE,7400000,DAL
Lee,Sean,OLB,7000000,DAL
Free,Doug,RT,5000000,DAL
Claiborne,Morris,CB,4066126,DAL
Scandrick,Orlando,CB,3800000,DAL
Beasley,Cole,WR,3401500,DAL
Bailey,Dan,K,3214286,DAL
McClain,Rolando,ILB,3000000,DAL
Martin,Zack,G,2241950,DAL
Church,Barry,S,2206750,DAL
Jones,Byron,CB,2150485,DAL
Cassel,Matt,QB,2000000,DAL
Gachkar,Andrew,OLB,1750000,DAL
Frederick,Travis,C,1717507,DAL
Bernadeau,Mackenzy,C,1550000,DAL
Dunbar,Lance,RB,1542000,DAL
McFadden,Darren,RB,1500000,DAL
Mincey,Jeremy,DE,1500000,DAL
Jones,Chris,P,1400000,DAL
Lawrence,DeMarcus,DE,1376663,DAL
Ladouceur,L.P.,LS,1100000,DAL
Escobar,Gavin,TE,1052623,DAL
McClain,Terrell,DT,1016667,DAL
Gregory,Randy,OLB,953734,DAL
McCray,Danny,S,825000,DAL
Hayden,Nick,DT,825000,DAL
Brown,Charles,LT,745000,DAL
Green,Chaz,T,727495,DAL
Williams,Terrance,WR,724243,DAL
Moore,Kellen,QB,710000,DAL
Wilcox,J.J.,S,702767,DAL
Wilson,Damien,OLB,686579,DAL
Smith,Rodney,WR,678333,DAL
Hitchens,Anthony,ILB,663716,DAL
Thomas,Johsua,CB,660000,DAL
Turbin,Robert,RB,660000,DAL
Wilber,Kyle,OLB,634805,DAL
Russell,Ryan,DE,620747,DAL
Crawford,Jack,DE,615000,DAL
Street,Devin,WR,605493,DAL
Mitchell,Terrance,CB,600000,DAL
Nzeocha,Mark,OLB,586087,DAL
Leary,Ron,G,585000,DAL
Clutts,Tyler,FB,585000,DAL
Swaim,Geoff,TE,583684,DAL
Butler,Brice,WR,556875,DAL
Hanna,James,TE,551213,DAL
Glaud,Ka'lial,OLB,550000,DAL
Collins,La'el,G,533167,DAL
Whitehead,Lucky,WR,528333,DAL
Smith,Rod,RB,526667,DAL
Mayle,Vince,WR,525000,DAL
Fortenberry,Reshod,G,525000,DAL
Showers,Jameill,QB,525000,DAL
Walker,Casey,DT,525000,DAL
Boatright,Kenneth,DE,516000,DAL
Whaley,Chris,DT,511667,DAL
Heath,Jeff,S,495667,DAL
Clay,Cody,G,480000,DAL
Olatoye,Deji,CB,480000,DAL
Irving,David,DT,480000,DAL
Manning,Eli,QB,21000000,NYG
Pierre-Paul,Jason,DE,8713000,NYG
Cruz,Victor,WR,8600000,NYG
Beatty,William,LT,7500000,NYG
Rodgers-Cromartie,Dominique,CB,7000000,NYG
Beason,Jon,ILB,5666667,NYG
Schwartz,Geoff,G,4200000,NYG
Vereen,Shane,RB,4116667,NYG
Flowers,Ereck,LT,3597930,NYG
Harris,Dwayne,WR,3500000,NYG
Thomas,J.T.,OLB,3333333,NYG
Jenkins,Cullen,DE,2666667,NYG
Casillas,Jonathan,OLB,2666667,NYG
"Beckham,Jr.",Odell,WR,2601550,NYG
Jennings,Rashad,RB,2500000,NYG
Pugh,Justin,G,2086475,NYG
Amukamara,Prince,CB,2045225,NYG
Ayers,Robert,DE,1875000,NYG
Jerry,John,G,1650000,NYG
Collins,Landon,S,1530139,NYG
Newhouse,Marshall,RT,1500000,NYG
McBride,Trumaine,CB,1437500,NYG
Herzlich,Mark,OLB,1300000,NYG
Brown,Josh,K,1250000,NYG
Richburg,Weston,C,1219338,NYG
DeOssie,Zak,LS,1150000,NYG
Hankins,Johnathan,DT,1007672,NYG
Selvie,George,DE,1000000,NYG
Fells,Daniel,TE,950000,NYG
Dahl,Craig,S,870000,NYG
Meriweather,Brandon,S,870000,NYG
Cofield,Barry,DT,870000,NYG
Randle,Rueben,WR,822983,NYG
Odighizuwa,Owamagbe,DE,790125,NYG
Bromley,Jay,DT,750903,NYG
Brinkley,Jasper,ILB,745000,NYG
Aiken,Danny,LS,745000,NYG
Nicks,Hakeem,WR,745000,NYG
Reynolds,Dallas,G,700000,NYG
Williams,Andre,RB,668400,NYG
Hosley,Jayron,CB,659375,NYG
Nassib,Ryan,QB,653400,NYG
Hughes,Montori,DE,630000,NYG
Wade,Trevin,CB,630000,NYG
Maponga,Stansly,OLB,630000,NYG
Thompson,Mykkele,S,627216,NYG
Berhe,Nat,S,603200,NYG
Davis,Geremy,WR,601771,NYG
Mosley,Brandon,G,600146,NYG
Kennard,Devon,OLB,591140,NYG
Hart,Bobby,RT,587897,NYG
Donnell,Larry,TE,585000,NYG
Gettis,Adam,G,585000,NYG
Johnson,Nico,ILB,555000,NYG
Taylor,Cooper,S,555000,NYG
Jacobs,Tramain,CB,555000,NYG
Kuhn,Markus,DT,536474,NYG
Jones,Brett,C,525000,NYG
Unga,Uani,ILB,525000,NYG
Wynn,Kerry,DE,512500,NYG
White,Myles,WR,510000,NYG
Wing,Brad,P,510000,NYG
Ott,Tyler,LS,495000,NYG
Whitlock,Nikita,FB,480000,NYG
Edwards,Ben,WR,480000,NYG
LaCosse,Matt,TE,480000,NYG
Morris,James,ILB,480000,NYG
Cleary,Emmett,RT,480000,NYG
Bars,Brad,DE,480000,NYG
Currie,Justin,S,480000,NYG
Darkwa,Orleans,RB,465000,NYG
Harris,Marcus,WR,465000,NYG
Cunningham,Jerome,TE,465000,NYG
Tye,Will,TE,435000,NYG
Jackson,Bennett,S,435000,NYG
Bradford,Sam,QB,13007500,PHI
Maxwell,Byron,CB,10500000,PHI
Peters,Jason,LT,10325000,PHI
Murray,DeMarco,RB,8000000,PHI
Kendricks,Mychal,ILB,7250000,PHI
Graham,Brandon,OLB,6500000,PHI
Kelce,Jason,C,6250000,PHI
Barwin,Connor,OLB,6000000,PHI
Jenkins,Malcolm,S,5166667,PHI
Johnson,Lane,RT,4963276,PHI
Celek,Brent,TE,4875000,PHI
Sanchez,Mark,QB,4500000,PHI
Cooper,Riley,WR,4500000,PHI
Ryans,DeMeco,ILB,3750000,PHI
Mathews,Ryan,RB,3666667,PHI
Sproles,Darren,RB,3500000,PHI
Thurmond,Walter,S,3250000,PHI
Cox,Fletcher,DE,2560300,PHI
Thornton,Cedric,DE,2356000,PHI
Agholor,Nelson,WR,2344344,PHI
Smith,Marcus,OLB,1949772,PHI
Jones,Donnie,P,1833333,PHI
Carroll,Nolan,CB,1825000,PHI
Gardner,Andrew,G,1500000,PHI
Barbre,Allen,G,1450000,PHI
Maragos,Chris,S,1350000,PHI
Ertz,Zach,TE,1344800,PHI
Matthews,Jordan,WR,1237317,PHI
Rowe,Eric,CB,1219966,PHI
Alonso,Kiko,ILB,1075100,PHI
Dorenbos,Jon,LS,1062500,PHI
Braman,Bryan,OLB,1047500,PHI
Curry,Vinny,DE,845458,PHI
Ajirotutu,Seyi,WR,825000,PHI
Bair,Brandon,DE,825000,PHI
Kelly,Dennis,RT,790000,PHI
Logan,Bennie,DT,758108,PHI
Hicks,Jordan,ILB,748183,PHI
Lewis,Thaddeus,QB,745000,PHI
Biggers,E.J.,CB,745000,PHI
Huff,Josh,WR,705236,PHI
Sturgis,Caleb,K,630000,PHI
Jones,Barrett,G,630000,PHI
Hawkinson,Tanner,G,630000,PHI
Hart,Taylor,DE,627665,PHI
Shepherd,JaCorey,CB,600278,PHI
Means,Steven,DE,600000,PHI
Goode,Najee,ILB,585000,PHI
Allen,Beau,DT,570562,PHI
Watkins,Jaylen,S,555000,PHI
Barner,Kenjon,RB,555000,PHI
Molk,David,C,540000,PHI
Rice,Denzel,CB,525000,PHI
Krause,Jonathan,WR,525000,PHI
Andrews,Josh,C,525000,PHI
Burton,Trey,WR,512500,PHI
Couplin,Jerome,S,512000,PHI
Long,Travis,OLB,510000,PHI
Parkey,Cody,K,510000,PHI
Tobin,Matt,G,496667,PHI
Reynolds,Ed,S,480000,PHI
Evans,Randall,CB,480000,PHI
Williams,Trent,LT,13600000,WAS
Kerrigan,Ryan,OLB,11500000,WAS
Garcon,Pierre,WR,8500000,WAS
Goldson,Dashon,S,8250000,WAS
Culliver,Chris,CB,8000000,WAS
Hatcher,Jason,DE,6875000,WAS
Jackson,DeSean,WR,6000000,WAS
Scherff,Brandon,G,5303910,WAS
GriffinIII,Robert,QB,5279775,WAS
Paea,Stephen,DE,5250000,WAS
Knighton,Terrance,DT,4450000,WAS
Hall,DeAngelo,CB,4250000,WAS
Lauvao,Shawn,G,4250000,WAS
Riley,Perry,ILB,4000000,WAS
Roberts,Andre,WR,4000000,WAS
Lichtensteiger,Kory,C,3500000,WAS
JeanFrancois,Ricky,DE,3000000,WAS
Baker,Chris,DE,3000000,WAS
Paul,Niles,TE,2000000,WAS
McCoy,Colt,QB,1500000,WAS
Smith,Preston,OLB,1444839,WAS
Paulsen,Logan,TE,1333333,WAS
Young,Darrel,FB,1323333,WAS
Johnson,Jeron,S,1250000,WAS
Murphy,Trent,OLB,1118200,WAS
Golston,Kedric,DT,1100000,WAS
Sundberg,Nick,LS,1000000,WAS
Hayward,Adam,OLB,1000000,WAS
Carrier,Derek,TE,995000,WAS
Blackmon,Will,CB,870000,WAS
Smith,Alex,TE,870000,WAS
Williams,Cary,CB,870000,WAS
Moses,Morgan,RT,793144,WAS
Thomas,Pierre,RB,745000,WAS
Foster,Mason,ILB,745000,WAS
Galette,Junior,OLB,745000,WAS
Jones,Matt,RB,737854,WAS
Long,Spencer,G,715950,WAS
LeRibeus,Josh,C,714081,WAS
Crowder,Jamison,WR,706406,WAS
Kouandjio,Arie,G,700418,WAS
Reed,Jordan,TE,690000,WAS
Breeland,Bashaud,CB,676500,WAS
Kearse,Frank,DE,660000,WAS
Compton,Tom,G,660000,WAS
Ihenacho,Duke,S,660000,WAS
Cousins,Kirk,QB,643172,WAS
Robinson,Keenan,ILB,630027,WAS
Spaight,Martrell,ILB,629487,WAS
Grant,Ryan,WR,608403,WAS
Jarrett,Kyshoen,S,603908,WAS
Hopkins,Dustin,K,600000,WAS
Morris,Alfred,RB,555775,WAS
Nsekhe,Ty,LT,550000,WAS
Thompson,Chris,RB,540000,WAS
Jensen,Marcel,TE,525000,WAS
Dunbar,Quinton,WR,525000,WAS
Harris,Jeremy,CB,525000,WAS
Everett,Deshazor,CB,525000,WAS
Bates,Houston,OLB,525000,WAS
Jeffcoat,Jackson,OLB,515000,WAS
Redd,Silas,RB,512667,WAS
Compton,Will,ILB,496667,WAS
Phillips,Dashaun,CB,480000,WAS
Fields,Carlos,OLB,480000,WAS
Ross,Rashad,WR,480000,WAS
Gayle,James,DE,480000,WAS
Way,Tress,P,465000,WAS
Cutler,Jay,QB,18100000,CHI
McPhee,Pernell,OLB,7750000,CHI
Forte,Matt,RB,7600000,CHI
Bushrod,Jermon,G,7193000,CHI
Houston,Lamarr,OLB,7000000,CHI
Bennett,Martellus,TE,5100000,CHI
Royal,Eddie,WR,5000000,CHI
White,Kevin,WR,4140762,CHI
Gould,Robbie,K,3750000,CHI
Rolle,Antrel,S,3750000,CHI
Slauson,Matt,G,3200000,CHI
Young,Willie,OLB,3000000,CHI
Ball,Alan,CB,3000000,CHI
Fuller,Kyle,CB,2421751,CHI
Long,Kyle,G,2075238,CHI
McClellin,Shea,ILB,2065850,CHI
Mundy,Ryan,S,1500000,CHI
Goldman,Eddie,DT,1421579,CHI
Jeffery,Alshon,WR,1136958,CHI
Ferguson,Ego,DE,1028301,CHI
Montgomery,Will,C,950000,CHI
Porter,Tracy,CB,870000,CHI
Jenkins,Jarvis,DE,825000,CHI
Ducasse,Vladimir,G,825000,CHI
McManis,Sherrick,CB,825000,CHI
Grasu,Hroniss,C,814730,CHI
Rodgers,Jacquizz,RB,785000,CHI
Martin,Sherrod,S,745000,CHI
Prosinski,Chris,S,745000,CHI
Acho,Sam,OLB,745000,CHI
Housler,Robert,TE,745000,CHI
Unrein,Mitch,DT,745000,CHI
Sutton,Will,DT,712767,CHI
Langford,Jeremy,RB,705906,CHI
Scruggs,Greg,DE,667500,CHI
Carey,Ka'Deem,RB,665845,CHI
Miller,Zach,TE,660000,CHI
Thompson,Deonte,WR,660000,CHI
Amos,Adrian,S,628070,CHI
Mariani,Marc,WR,615000,CHI
Fabuluje,Tayo,RT,602841,CHI
Reynolds,LaRoy,ILB,585000,CHI
Becton,Nick,LT,585000,CHI
O'Donnell,Pat,P,581327,CHI
Leno,Charles,LT,566628,CHI
Washington,Cornelius,DE,565947,CHI
Smith,D'Anthony,DT,555000,CHI
Fales,David,QB,555000,CHI
Gaston,Bruce,DE,555000,CHI
Wilson,Marquess,WR,551787,CHI
Barrow,Lamin,ILB,550000,CHI
Hurst,Demontre,S,550000,CHI
Meredith,Cameron,WR,527000,CHI
Jefferson,Anthony,S,526667,CHI
Lee,Khari,TE,525667,CHI
Jones-Quartey,Harold,S,525000,CHI
Timu,John,ILB,525000,CHI
Jones,Christian,ILB,512333,CHI
Perry,Senorise,RB,510000,CHI
Omameh,Patrick,G,496000,CHI
Glenn,Jacoby,CB,480000,CHI
Weaver,Jason,LT,480000,CHI
Williams,Terry,DT,480000,CHI
Callahan,Bryce,CB,480000,CHI
Anderson,Jonathan,LB,480000,CHI
Scales,Patrick,LS,480000,CHI
Bausby,DeVante,CB,435000,CHI
Bellamy,Josh,WR,435000,CHI
Stafford,Matthew,QB,17666667,DET
Johnson,Calvin,WR,16207143,DET
Ngata,Haloti,DT,12131000,DET
Levy,DeAndre,OLB,8439683,DET
Tate,Golden,WR,6200000,DET
Tulloch,Stephen,ILB,5100000,DET
Quin,Glover,S,4700000,DET
Ansah,Ezekiel,DE,4648629,DET
Pettigrew,Brandon,TE,4000000,DET
Jones,Jason,DE,3166667,DET
Bell,Joique,RB,3100000,DET
Ebron,Eric,TE,3062287,DET
Prater,Matt,K,3000000,DET
Tomlinson,Laken,G,2137561,DET
Reiff,Riley,LT,1998425,DET
Mathis,Rashean,CB,1750000,DET
Walker,Tyrunn,DT,1750000,DET
Wilson,C.J.,DE,1675000,DET
Ramirez,Manuel,G,1575000,DET
Ihedigbo,James,S,1575000,DET
Abdul-Quddus,Isa,S,1500000,DET
Slay,Darius,CB,1322326,DET
VanNoy,Kyle,OLB,1275524,DET
Moore,Lance,WR,1050000,DET
Muhlbach,Don,LS,1050000,DET
Orlovsky,Dan,QB,1050000,DET
Carey,Don,S,1045000,DET
Abdullah,Ameer,RB,1039032,DET
Tapp,Darryl,DE,950000,DET
Wilson,Josh,CB,950000,DET
Bynes,Josh,OLB,905000,DET
Wootton,Corey,DT,825000,DET
Warford,Larry,G,768750,DET
Carter,Alex,CB,764687,DET
Butler,Crezdon,CB,745000,DET
Pascoe,Bear,TE,745000,DET
Swanson,Travis,C,739243,DET
Thornton,Khyri,DT,713563,DET
Wright,Gabe,DT,700289,DET
Cudjo,Jermelle,DT,660000,DET
Lawson,Nevin,CB,630146,DET
Burton,Michael,FB,616089,DET
Taylor,Devin,DE,615146,DET
Reid,Caraun,DT,602220,DET
Diggs,Quandre,CB,598838,DET
Robinson,Corey,LT,584477,DET
Jones,TJ,WR,581550,DET
Martin,Sam,P,580075,DET
Whitehead,Tahir,OLB,578000,DET
Riddick,Theo,RB,562750,DET
Ikard,Gabe,C,555000,DET
Ola,Michael,G,555000,DET
Lewis,Travis,ILB,539793,DET
Zenner,Zach,RB,526667,DET
Lucas,Cornelius,RT,516667,DET
Wright,Tim,TE,498333,DET
Keyton,Darren,C,480000,DET
Thompson,Jordan,TE,480000,DET
Hyder,Kerry,DT,480000,DET
Winn,George,RB,465000,DET
Fuller,Corey,WR,465000,DET
Copeland,Brandon,OLB,460000,DET
Johnson,Isaiah,S,435000,DET
Cave,Braxston,C,435000,DET
Rodgers,Aaron,QB,22000000,GB
Matthews,Clay,ILB,13200000,GB
Daniels,Mike,DE,10250000,GB
Cobb,Randall,WR,10000000,GB
Nelson,Jordy,WR,9762500,GB
Shields,Sam,CB,9750000,GB
Peppers,Julius,OLB,8666667,GB
Bulaga,Bryan,RT,6750000,GB
Sitton,Josh,G,6750000,GB
Burnett,Morgan,S,6187500,GB
Lang,T.J.,G,5200000,GB
Neal,Michael,OLB,4000000,GB
Crosby,Mason,K,2950000,GB
Guion,Letroy,DE,2750000,GB
Richardson,Sean,S,2550000,GB
Clinton-Dix,HaHa,S,2084625,GB
Randall,Damarious,S,1978934,GB
Jones,Datone,DE,1929147,GB
Perry,Nick,OLB,1874813,GB
Raji,B.J.,DT,1750000,GB
Starks,James,RB,1625000,GB
Barclay,Don,RT,1542000,GB
Quarless,Andrew,TE,1500000,GB
Masthay,Tim,P,1366250,GB
Tolzien,Scott,QB,1350000,GB
Adams,Davante,WR,983351,GB
Rollins,Quinten,CB,935642,GB
Kuhn,John,FB,920000,GB
Goode,Brett,LS,905000,GB
Jones,James,WR,870000,GB
Lacy,Eddie,RB,848103,GB
Hayward,Casey,CB,827478,GB
Montgomery,Ty,WR,737199,GB
Rodgers,Richard,TE,690254,GB
Ryan,Jake,ILB,684170,GB
Bakhtiari,David,LT,653850,GB
Tretter,J.C.,C,643977,GB
Hundley,Brett,QB,625908,GB
Linsley,Corey,C,601250,GB
Ripkowski,Aaron,FB,596599,GB
Backman,Kennard,TE,592622,GB
Banjo,Chris,S,585000,GB
Hyde,Micah,S,584527,GB
Goodson,Demetri,CB,580788,GB
Boyd,Josh,DT,576140,GB
Janis,Jeff,WR,567848,GB
Palmer,Nate,ILB,564724,GB
Barrington,Sam,ILB,552250,GB
Gunter,LaDarius,CB,526667,GB
Abbrederis,Jared,WR,525000,GB
Elliot,Jayrone,OLB,511667,GB
Pennel,Mike,DE,511167,GB
Perillo,Justin,TE,510000,GB
Taylor,Lane,G,497333,GB
Mulumba,Andy,OLB,496667,GB
Thomas,Joe,OLB,480000,GB
Lovato,Rick,LS,480000,GB
Walker,Josh,G,480000,GB
Crockett,John,RB,480000,GB
Peterson,Adrian,RB,14000000,MIN
Wallace,Mike,WR,12000000,MIN
Griffen,Everson,DE,8500000,MIN
Rudolph,Kyle,TE,7300000,MIN
Greenway,Chad,OLB,6300000,MIN
Joseph,Linval,DT,6250000,MIN
Loadholt,Phillip,RT,6250000,MIN
Robison,Brian,DE,5600000,MIN
Sullivan,John,C,5566667,MIN
Kalil,Matt,LT,4942650,MIN
Fusco,Brandon,G,4850000,MIN
Munnerlyn,Captain,CB,3750000,MIN
Wright,Jarius,WR,3700000,MIN
Hill,Shaun,QB,3250000,MIN
Walsh,Blair,K,3250000,MIN
Waynes,Trae,CB,3236092,MIN
Barr,Anthony,OLB,3185875,MIN
Johnson,Tom,DT,2333333,MIN
Newman,Terence,CB,2250000,MIN
Floyd,Sharrif,DT,2019050,MIN
Rhodes,Xavier,CB,1951626,MIN
Patterson,Cordarrelle,WR,1805262,MIN
Smith,Harrison,S,1784637,MIN
Bridgewater,Teddy,QB,1712376,MIN
Harris,Mike,G,1542000,MIN
Kendricks,Eric,ILB,1288980,MIN
Sherels,Marcus,CB,1100000,MIN
Berger,Joe,C,1077500,MIN
Sendejo,Andrew,S,1000000,MIN
Trusnik,Jason,ILB,870000,MIN
Matthews,Casey,ILB,825000,MIN
Asiata,Matt,RB,800000,MIN
Crichton,Scott,DE,755125,MIN
Robinson,Josh,CB,753750,MIN
Ellis,Kenrick,DT,745000,MIN
Hunter,Danielle,DE,742430,MIN
Clemmings,T.J.,RT,701239,MIN
McKinnon,Jerick,RB,691250,MIN
Trattou,Justin,DE,660000,MIN
McDermott,Kevin,LS,630000,MIN
Pruitt,MyCole,TE,627647,MIN
Diggs,Stefon,WR,626928,MIN
Ellison,Rhett,TE,600146,MIN
Moore,Zach,DE,600000,MIN
Shepherd,Austin,RT,587424,MIN
Robinson,Edmond,OLB,587079,MIN
Locke,Jeff,P,586048,MIN
Exum,Antone,S,583947,MIN
Blanton,Robert,S,577763,MIN
Stephen,Shamar,DT,571287,MIN
Price,Jabari,CB,570455,MIN
Cole,Audie,ILB,570000,MIN
Watts,Brandon,OLB,555000,MIN
Heinike,Taylor,QB,528333,MIN
Easton,Nick,C,528000,MIN
Harris,Anthony,S,525000,MIN
Wentworth,Austin,RT,510667,MIN
Johnson,Charles,WR,510000,MIN
Sirles,Jeremiah,G,510000,MIN
Line,Zach,FB,499333,MIN
Kerin,Zac,C,480000,MIN
Bykowski,Carter,LT,465000,MIN
Thielen,Adam,WR,465000,MIN
Ryan,Matt,QB,20750000,ATL
Jones,Julio,WR,14251209,ATL
Levitre,Andy,G,7800000,ATL
Soliai,Paul,DT,6400000,ATL
White,Roddy,WR,6000000,ATL
Moore,William,S,6000000,ATL
Jackson,Tyson,DE,5000000,ATL
Reed,Brooks,OLB,4400000,ATL
Matthews,Jake,LT,4107375,ATL
Beasley,Vic,DE,3623807,ATL
Durant,Justin,ILB,3600000,ATL
Hester,Devin,WR,3000000,ATL
Clayborn,Adrian,DE,3000000,ATL
Babineaux,Jonathan,DT,3000000,ATL
Bryant,Matt,K,2833333,ATL
Chester,Chris,G,2800000,ATL
Bosher,Matt,P,2531000,ATL
Trufant,Desmond,CB,2041509,ATL
Biermann,Kroy,DE,1925000,ATL
Schofield,O'Brien,OLB,1700000,ATL
Tamme,Jacob,TE,1600000,ATL
Long,Jake,LT,1568750,ATL
Collins,Jalen,CB,1356959,ATL
Hageman,Ra'Shede,DT,1333961,ATL
Person,Michael,C,1216667,ATL
Weems,Eric,WR,1140000,ATL
Graham,Shayne,K,970000,ATL
Godfrey,Charles,S,870000,ATL
Wheeler,Philip,OLB,870000,ATL
Harris,Josh,LS,851250,ATL
Alford,Robert,CB,850350,ATL
Coleman,Tevin,RB,804843,ATL
DiMarco,Patrick,FB,747500,ATL
Adams,Phillip,CB,745000,ATL
Moeaki,Tony,TE,745000,ATL
Harris,Bryce,RT,720000,ATL
Hardy,Justin,WR,705205,ATL
Freeman,Devonta,RB,676106,ATL
Gradkowski,Gino,C,646106,ATL
Goodman,Malliciah,DE,639272,ATL
Jarrett,Grady,DT,631963,ATL
Toilolo,Levine,TE,615146,ATL
Stupar,Nathan,OLB,585000,ATL
Starr,Tyler,OLB,555000,ATL
Renfree,Sean,QB,551474,ATL
Ishmael,Kemal,S,551474,ATL
Williams,Nick,WR,550000,ATL
Mooney,Collin,FB,550000,ATL
Garland,Ben,G,550000,ATL
Gardner,Beau,TE,526000,ATL
Ward,Terron,RB,525333,ATL
Therezie,Robenson,S,525000,ATL
Stone,James,C,511333,ATL
Worrilow,Paul,ILB,495667,ATL
Schraeder,Ryan,RT,495667,ATL
Mbu,Joey,DT,480000,ATL
King,Akeem,S,480000,ATL
Tialavea,D.J.,TE,480000,ATL
Howard,Travis,CB,480000,ATL
Allen,Ricardo,S,465000,ATL
Newton,Cam,QB,20760000,CAR
Johnson,Charles,DE,12666667,CAR
Kuechly,Luke,ILB,12360313,CAR
Davis,Thomas,OLB,9000000,CAR
Kalil,Ryan,C,8186000,CAR
Allen,Jared,DE,8000000,CAR
Olsen,Greg,TE,7500000,CAR
Stewart,Jonathan,RB,7300000,CAR
Oher,Michael,LT,3500000,CAR
Gano,Graham,K,3100000,CAR
Tolbert,Mike,FB,2500000,CAR
Lotulelei,Star,DT,2401125,CAR
Anderson,Derek,QB,2350000,CAR
Thompson,Shaq,OLB,2202181,CAR
Harper,Roman,S,2125000,CAR
GinnJr.,Ted,WR,2100000,CAR
Dickson,Ed,TE,2033333,CAR
Edwards,Dwan,DT,2000000,CAR
Tillman,Charles,CB,2000000,CAR
Benjamin,Kelvin,WR,1916063,CAR
Cotchery,Jerricho,WR,1603000,CAR
Chandler,Nate,LT,1516667,CAR
Coleman,Kurt,S,1400000,CAR
Funchess,Devin,WR,1380222,CAR
Addison,Mario,DE,1280000,CAR
Silatolu,Amini,G,1234276,CAR
Short,Kawann,DT,1157584,CAR
Jones,Colin,S,927500,CAR
Jansen,J.J.,LS,901250,CAR
Williams,Teddy,CB,900000,CAR
Ealy,Kony,DE,886707,CAR
Finnegan,Cortland,CB,870000,CAR
Webb,Joe,QB,825000,CAR
Scott,Chris,G,825000,CAR
McClain,Robert,CB,752500,CAR
Green,Tyronne,G,745000,CAR
Velasco,Fernando,G,745000,CAR
Love,Kyle,DT,737500,CAR
Williams,Daryl,RT,709280,CAR
Turner,Trai,G,697794,CAR
Whittaker,Fozzy,RB,680000,CAR
Norwood,Kevin,WR,660027,CAR
Boston,Tre,S,656367,CAR
Alexander,Frank,DE,642563,CAR
Mayo,David,ILB,611564,CAR
Artis-Payne,Cameron,RB,611564,CAR
Benwikere,Bene,CB,604750,CAR
Bersin,Brenton,WR,600000,CAR
Hill,Stephen,WR,594500,CAR
Klein,A.J.,ILB,587825,CAR
Jacobs,Ben,ILB,585000,CAR
Norman,Josh,CB,574750,CAR
Simonson,Scott,TE,555000,CAR
Nortman,Brad,P,544670,CAR
Miley,Arthur,DE,530000,CAR
Marlowe,Dean,S,530000,CAR
Wegher,Brandon,RB,525833,CAR
Delaire,Ryan,DE,525000,CAR
Remmers,Mike,RT,525000,CAR
Brown,Corey,WR,515000,CAR
Norwell,Andrew,G,514000,CAR
Young,Louis,CB,435000,CAR
Brees,Drew,QB,20000000,NO
Jordan,Cameron,DE,11000000,NO
Byrd,Jairus,S,9000000,NO
Colston,Marques,WR,7260000,NO
Unger,Max,C,6458750,NO
Evans,Jahri,G,6001000,NO
Lewis,Keenan,CB,5110000,NO
Ellerbe,Dannell,OLB,5066667,NO
Browner,Brandon,CB,5000000,NO
Spiller,C.J.,RB,4000000,NO
Strief,Zach,RT,4000000,NO
Ingram,Mark,RB,4000000,NO
Hawthorne,David,ILB,3800000,NO
Morstead,Thomas,P,3647500,NO
Peat,Andrus,G,2848374,NO
Vaccaro,Kenny,S,2356178,NO
Cooks,Brandin,WR,2095863,NO
Anthony,Stephone,ILB,1932929,NO
Bush,Rafael,S,1900000,NO
Watson,Benjamin,TE,1650000,NO
Williams,Kevin,DT,1500000,NO
Kikaha,Hau'oli,OLB,1316578,NO
Hoomanawanui,Michael,TE,1200000,NO
McCown,Luke,QB,1050000,NO
Humber,Ramon,OLB,1042500,NO
Spencer,Anthony,OLB,950000,NO
McGlynn,Mike,G,870000,NO
Anderson,James,OLB,870000,NO
Flynn,Matt,QB,870000,NO
Owens,Christopher,CB,870000,NO
Grayson,Garrett,QB,850151,NO
Drescher,Justin,LS,846250,NO
Wilson,Kyle,CB,825000,NO
Sanford,Jamarca,S,825000,NO
Williams,P.J.,CB,765405,NO
Hightower,Tim,RB,745000,NO
Hills,Tony,LT,745000,NO
Armstead,Terron,LT,716859,NO
Jenkins,John,DT,698140,NO
Cadet,Travaris,RB,660000,NO
Forbath,Kai,K,660000,NO
Hunter,Kendall,RB,660000,NO
Tull,Davis,DE,625433,NO
Davison,Tyeler,DE,624306,NO
Swann,Damian,CB,616808,NO
Sunseri,Vinnie,S,599125,NO
Gwacham,Obum,DE,592622,NO
Murphy,Marcus,RB,587322,NO
Kelemete,Senio,G,585000,NO
Seymour,Ryan,G,585000,NO
Mauti,Michael,OLB,555682,NO
Breaux,Delvin,CB,529000,NO
Eulls,Kaleb,DT,528333,NO
Barnes,Tavaris,DE,527500,NO
Richardson,Bobby,DE,526667,NO
Tabb,Jack,TE,526000,NO
Edebali,Kasim,OLB,512000,NO
Dixon,Brian,CB,511667,NO
Jones,Seantavius,WR,510000,NO
Coleman,Brandon,WR,510000,NO
Hill,Josh,TE,496667,NO
Lelito,Tim,G,496667,NO
Robinson,Khiry,RB,495333,NO
Snead,Willie,WR,480000,NO
Allen,Rashaun,TE,480000,NO
Opurum,Toben,DE,480000,NO
Johnson,Austin,FB,465000,NO
Virgil,Lawrence,DE,465000,NO
Brown,Austin,DT,435000,NO
McCoy,Gerald,DT,15866667,TB
Jackson,Vincent,WR,11111111,TB
David,Lavonte,OLB,10050000,TB
Mankins,Logan,G,8500000,TB
Verner,Alterraun,CB,6437500,TB
Winston,Jameis,QB,6337819,TB
Carter,Bruce,ILB,4250000,TB
Melton,Henry,DT,3750000,TB
Evans,Mike,WR,3657876,TB
Smith,Evan,C,3562500,TB
Cherilus,Gosder,RT,3500000,TB
McDonald,Clinton,DT,3000000,TB
Johnson,George,DE,2333333,TB
Myers,Brandon,TE,2125000,TB
Martin,Doug,RB,1696954,TB
Hawley,Joe,C,1664063,TB
Stocker,Luke,TE,1600000,TB
Murphy,Louis,WR,1554167,TB
Rainey,Bobby,RB,1542000,TB
Moore,Sterling,CB,1525000,TB
Smith,Donovan,LT,1517215,TB
McDaniel,Tony,DT,1500000,TB
Dotson,Demar,RT,1500000,TB
Wright,Major,S,1500000,TB
Conte,Christopher,S,1500000,TB
Seferian-Jenkins,Austin,TE,1313730,TB
Banks,Johnthan,CB,1181580,TB
Barth,Connor,K,1039167,TB
Marpet,Ali,G,943397,TB
English,Larry,OLB,925000,TB
Jenkins,Mike,CB,825000,TB
Glennon,Mike,QB,776016,TB
Sims,Charles,RB,768330,TB
Bowers,Da'Quan,DT,745000,TB
Alexander,Kwon,ILB,689581,TB
Spence,Akeem,DT,661106,TB
Lansanah,Danny,ILB,660000,TB
Gholston,William,DE,640136,TB
James,Mike,RB,630000,TB
Bell,Kenny,WR,621209,TB
Pamphile,Kevin,G,604625,TB
McDougald,Bradley,S,585000,TB
Lane,Jorvorskie,FB,585000,TB
Eubanks,Darius,S,570000,TB
Tandy,Keith,S,555150,TB
Brate,Cameron,TE,555000,TB
Glanton,Adarius,OLB,555000,TB
Griffin,Ryan,QB,550000,TB
Jones,Howard,OLB,550000,TB
Shepard,Russell,WR,497500,TB
Westbrook,Tevin,TE,480000,TB
Spencer,Evan,WR,480000,TB
Brown,Kourtnei,DE,480000,TB
McFadden,Kimario,S,480000,TB
Dye,Donteea,WR,480000,TB
Adjei-Barimah,Jude,CB,480000,TB
Keyes,Josh,ILB,480000,TB
Schum,Jake,P,480000,TB
Humphries,Adam,WR,480000,TB
Smith,Jacquies,DE,465000,TB
DePaola,Andrew,LS,465000,TB
Fatinikun,T.J.,DE,465000,TB
George,Jeremiah,OLB,465000,TB
Palmer,Carson,QB,16500000,AZ
Peterson,Patrick,CB,14010000,AZ
Campbell,Calais,DE,11000000,AZ
Fitzgerald,Larry,WR,11000000,AZ
Iupati,Mike,G,8000000,AZ
Washington,Daryl,ILB,8000000,AZ
Veldheer,Jared,LT,7000000,AZ
Bethel,Justin,CB,5000000,AZ
Weatherspoon,Sean,ILB,3850000,AZ
Cooper,Jonathan,G,3637251,AZ
Powers,Jerraud,CB,3500000,AZ
Gresham,Jermaine,TE,3125000,AZ
Peters,Corey,DT,3050000,AZ
Redding,Cory,DE,3000000,AZ
Stanton,Drew,QB,2733333,AZ
Floyd,Michael,WR,2492875,AZ
Humphries,D.J.,RT,2228028,AZ
Rucker,Frostee,DT,2159375,AZ
Johnson,Chris,RB,2000000,AZ
Sendlein,Lyle,C,2000000,AZ
Bucannon,Deone,ILB,1927301,AZ
Larsen,Ted,G,1300000,AZ
Johnson,Rashad,S,1200000,AZ
Minter,Kevin,ILB,1097572,AZ
Leach,Mike,LS,1050000,AZ
Niklas,Troy,TE,1005825,AZ
Golden,Markus,OLB,979583,AZ
Babin,Jason,DE,970000,AZ
Freeney,Dwight,OLB,970000,AZ
Woodley,LaMarr,OLB,950000,AZ
Bryant,Red,DE,870000,AZ
Shipley,A.Q.,C,785000,AZ
Mathieu,Tyrann,CB,763125,AZ
Sowell,Bradley,LT,760000,AZ
Clemons,Chris,S,737500,AZ
Johnson,David,RB,729843,AZ
Martin,Kareem,OLB,710890,AZ
Brown,John,WR,699725,AZ
Gunter,Rodney,DE,697479,AZ
Barkley,Matt,QB,684882,AZ
White,Corey,CB,660000,AZ
Okafor,Alex,OLB,658607,AZ
Watford,Earl,RT,648716,AZ
Massie,Bobby,RT,635845,AZ
Riddick,Shaquille,OLB,622958,AZ
Nelson,J.J.,WR,622450,AZ
Stinson,Ed,DE,601685,AZ
Taylor,Stepfan,RB,590125,AZ
Swearinger,D.J.,S,585000,AZ
Christian,Gerald,TE,583196,AZ
Ellington,Andre,RB,565966,AZ
Williams,Kerwynn,RB,555000,AZ
Demens,Kenny,ILB,540000,AZ
Butler,Drew,P,540000,AZ
Golden,Brittan,WR,535000,AZ
Fua,Alani,ILB,530667,AZ
Williams,Xavier,DT,527667,AZ
Wagenmann,Zack,DE,527667,AZ
Martin,Gabe,ILB,526500,AZ
Powell,Damond,WR,525167,AZ
Person,Brandon,S,525000,AZ
Catanzaro,Chandler,K,510500,AZ
Mauro,Josh,DE,510000,AZ
Jefferson,Tony,S,498367,AZ
Brown,Jaron,WR,498000,AZ
Fullington,John,G,480000,AZ
Fells,Darren,TE,465000,AZ
Harvey,Travis,WR,435000,AZ
Momah,Ifeanyi,TE,435000,AZ
Wilson,Russell,QB,21900000,SEA
Sherman,Richard,CB,14000000,SEA
Lynch,Marshawn,RB,12000000,SEA
Wagner,Bobby,ILB,10750000,SEA
Graham,Jimmy,TE,10000000,SEA
Thomas,Earl,S,10000000,SEA
Okung,Russell,LT,8083333,SEA
Avril,Cliff,DE,7125000,SEA
Bennett,Michael,DE,7125000,SEA
Chancellor,Kam,S,7000502,SEA
Wright,K.J.,OLB,6750000,SEA
Mebane,Brandon,DT,5000000,SEA
Baldwin,Doug,WR,4333333,SEA
Hauschka,Steven,K,2850000,SEA
Rubin,Ahtyba,DT,2600000,SEA
Kearse,Jermaine,WR,2356000,SEA
Irvin,Bruce,OLB,2335550,SEA
Ryan,Jon,P,1516667,SEA
Jackson,Tarvaris,QB,1500000,SEA
Richardson,Paul,WR,1178209,SEA
Morgan,Michael,OLB,1000000,SEA
Clark,Frank,DE,933056,SEA
Gresham,Clint,LS,901667,SEA
Jackson,Fred,RB,900000,SEA
Britt,Justin,G,886733,SEA
Lockett,Tyler,WR,829688,SEA
Dobbs,Demarcus,DE,825000,SEA
Tukuafu,Will,FB,820000,SEA
Jeanpierre,Lemuel,C,745000,SEA
Coffman,Chase,TE,745000,SEA
McCray,Kelcie,S,717500,SEA
Hill,Jordan,DT,691035,SEA
Marsh,Cassius,DE,672563,SEA
McCoy,Anthony,TE,660000,SEA
Brown,Bryce,RB,660000,SEA
Lockette,Ricardo,WR,660000,SEA
Shead,Deshawn,S,660000,SEA
Glowinski,Mark,G,656423,SEA
Pierre-Louis,Kevin,OLB,651413,SEA
Smith,Tye,CB,611564,SEA
Sokoli,Kristjan,G,592622,SEA
Simon,Tharold,CB,591725,SEA
Michael,Christine,RB,585000,SEA
Moody,Nick,ILB,585000,SEA
Willson,Luke,TE,584633,SEA
Lane,Jeremy,CB,556279,SEA
Robinson,Ryan,DE,550000,SEA
Sweezy,J.R.,G,539212,SEA
Rawls,Thomas,RB,530000,SEA
Gilliam,Garry,RT,514000,SEA
Coyle,Brock,ILB,511000,SEA
Terrell,Steven,CB,510000,SEA
Francis,A.J.,DT,510000,SEA
Bailey,Alvin,G,497000,SEA
Coleman,Derrick,FB,495000,SEA
Smith,Kevin,WR,480000,SEA
Williams,Kasen,WR,480000,SEA
Schwenke,Kona,DT,480000,SEA
Burley,Marcus,CB,465000,SEA
Helfet,Cooper,TE,465000,SEA
Seisay,Mohammed,CB,465000,SEA
Lewis,Patrick,C,450000,SEA
Pinkins,Eric,ILB,435000,SEA
Williams,Jesse,DT,435000,SEA
Kaepernick,Colin,QB,19000000,SF
Bowman,Navorro,ILB,9050000,SF
Smith,Torrey,WR,8000000,SF
Staley,Joe,LT,7441667,SF
Brooks,Ahmad,OLB,6733333,SF
Boldin,Anquan,WR,6000000,SF
Bethea,Antoine,S,5250000,SF
Dorsey,Glenn,DE,4362500,SF
Brock,Tramaine,CB,3500000,SF
Dawson,Phil,K,3067000,SF
Boone,Alex,G,3000000,SF
Pears,Erik,RT,2850000,SF
Bush,Reggie,RB,2500000,SF
Armstead,Arik,DE,2460658,SF
Reid,Eric,S,2120184,SF
Gabbert,Blaine,QB,2000000,SF
Miller,Bruce,FB,1800000,SF
Ward,Jimmie,S,1778134,SF
Kilgore,Daniel,C,1750000,SF
Williams,Ian,DT,1600000,SF
Tartt,Jaquiski,S,1259254,SF
Carradine,Cornellius,DE,1236920,SF
Nelson,Kyle,LS,1020000,SF
Hyde,Carlos,RB,920420,SF
McDonald,Vance,TE,899795,SF
Simpson,Jerome,WR,865000,SF
Bellore,Nick,ILB,845000,SF
Martin,Marcus,G,767312,SF
Harold,Eli,OLB,764093,SF
Harris,DuJuan,RB,710000,SF
Celek,Garrett,TE,710000,SF
Bell,Blake,TE,696283,SF
Davis,Mike,RB,687195,SF
Thomas,Brandon,G,681527,SF
Lemonier,Corey,OLB,675813,SF
Ellington,Bruce,WR,673607,SF
Wilhoite,Michael,ILB,660000,SF
Draughn,Shaun,RB,660000,SF
Smelter,DeAndre,WR,656423,SF
Johnson,Dontae,CB,655136,SF
Hodges,Gerald,ILB,645027,SF
Patton,Quinton,WR,637875,SF
Pinion,Bradley,P,618550,SF
Lynch,Aaron,OLB,604500,SF
Silberman,Ian,G,600419,SF
Reaser,Keith,CB,596200,SF
Dial,Quinton,DE,585413,SF
Acker,Kenneth,CB,585150,SF
Jerod-Eddie,Tony,DE,585000,SF
Brown,Trenton,RT,583973,SF
Anderson,Rory,TE,583196,SF
Davis,Chris,CB,555000,SF
Tiller,Andrew,G,555000,SF
Leonhardt,Brian,TE,555000,SF
Cromartie,Marcus,CB,555000,SF
White,DeAndre,WR,527333,SF
Anderson,Dres,WR,527000,SF
Hayne,Jarryd,RB,525000,SF
McCray,L.J.,S,512000,SF
Armstrong,Ray-Ray,OLB,495000,SF
Hamm,JeRon,WR,480000,SF
Thompson,Dylan,QB,480000,SF
Gaskins,Kendall,FB,480000,SF
Skov,Shayne,ILB,480000,SF
Devey,Jordan,G,465000,SF
Purcell,Mike,DT,465000,SF